0 verbose cli C:\Program Files\nodejs\node.exe C:\Users\Asus\AppData\Roaming\npm\node_modules\npm\bin\npm-cli.js
1 info using npm@10.8.2
2 info using node@v24.11.1
3 silly config load:file:C:\Users\Asus\AppData\Roaming\npm\node_modules\npm\npmrc
4 silly config load:file:C:\GitHub\TECHNOPULSE\vite-progect\.npmrc
5 silly config load:file:C:\Users\Asus\.npmrc
6 silly config load:file:C:\Users\Asus\AppData\Roaming\npm\etc\npmrc
7 verbose title npm install
8 verbose argv "install"
9 verbose logfile logs-max:10 dir:C:\GitHub\TECHNOPULSE\UsersAsusnpm-cache\_logs\2025-11-23T16_36_46_143Z-
10 verbose logfile C:\GitHub\TECHNOPULSE\UsersAsusnpm-cache\_logs\2025-11-23T16_36_46_143Z-debug-0.log
11 silly packumentCache heap:2348810240 maxSize:587202560 maxEntrySize:293601280
12 silly logfile done cleaning log files
13 silly idealTree buildDeps
14 silly fetch manifest react@^19.2.0
15 silly packumentCache full:https://registry.npmjs.org/react cache-miss
16 http fetch GET 200 https://registry.npmjs.org/react 299ms (cache miss)
17 silly packumentCache full:https://registry.npmjs.org/react set size:undefined disposed:false
18 silly fetch manifest react-dom@^19.2.0
19 silly packumentCache full:https://registry.npmjs.org/react-dom cache-miss
20 http fetch GET 200 https://registry.npmjs.org/react-dom 163ms (cache miss)
21 silly packumentCache full:https://registry.npmjs.org/react-dom set size:undefined disposed:false
22 silly fetch manifest @eslint/js@^9.39.1
23 silly packumentCache full:https://registry.npmjs.org/@eslint%2fjs cache-miss
24 http fetch GET 200 https://registry.npmjs.org/@eslint%2fjs 95ms (cache miss)
25 silly packumentCache full:https://registry.npmjs.org/@eslint%2fjs set size:undefined disposed:false
26 silly fetch manifest @types/react@^19.2.5
27 silly packumentCache full:https://registry.npmjs.org/@types%2freact cache-miss
28 http fetch GET 200 https://registry.npmjs.org/@types%2freact 73ms (cache miss)
29 silly packumentCache full:https://registry.npmjs.org/@types%2freact set size:undefined disposed:false
30 silly fetch manifest @types/react-dom@^19.2.3
31 silly packumentCache full:https://registry.npmjs.org/@types%2freact-dom cache-miss
32 http fetch GET 200 https://registry.npmjs.org/@types%2freact-dom 75ms (cache miss)
33 silly packumentCache full:https://registry.npmjs.org/@types%2freact-dom set size:undefined disposed:false
34 silly fetch manifest @vitejs/plugin-react-swc@^4.2.2
35 silly packumentCache full:https://registry.npmjs.org/@vitejs%2fplugin-react-swc cache-miss
36 http fetch GET 200 https://registry.npmjs.org/@vitejs%2fplugin-react-swc 76ms (cache miss)
37 silly packumentCache full:https://registry.npmjs.org/@vitejs%2fplugin-react-swc set size:undefined disposed:false
38 silly fetch manifest vite@npm:rolldown-vite@7.2.5
39 silly packumentCache full:https://registry.npmjs.org/rolldown-vite cache-miss
40 http fetch GET 200 https://registry.npmjs.org/rolldown-vite 57ms (cache miss)
41 silly packumentCache full:https://registry.npmjs.org/rolldown-vite set size:undefined disposed:false
42 silly fetch manifest @types/node@^20.19.0 || >=22.12.0
43 silly packumentCache full:https://registry.npmjs.org/@types%2fnode cache-miss
44 http fetch GET 200 https://registry.npmjs.org/@types%2fnode 145ms (cache miss)
45 silly packumentCache full:https://registry.npmjs.org/@types%2fnode set size:undefined disposed:false
46 silly fetch manifest esbuild@^0.25.0
47 silly packumentCache full:https://registry.npmjs.org/esbuild cache-miss
48 http fetch GET 200 https://registry.npmjs.org/esbuild 76ms (cache miss)
49 silly packumentCache full:https://registry.npmjs.org/esbuild set size:undefined disposed:false
50 silly fetch manifest jiti@>=1.21.0
51 silly packumentCache full:https://registry.npmjs.org/jiti cache-miss
52 http fetch GET 200 https://registry.npmjs.org/jiti 58ms (cache miss)
53 silly packumentCache full:https://registry.npmjs.org/jiti set size:undefined disposed:false
54 silly fetch manifest less@^4.0.0
55 silly packumentCache full:https://registry.npmjs.org/less cache-miss
56 http fetch GET 200 https://registry.npmjs.org/less 64ms (cache miss)
57 silly packumentCache full:https://registry.npmjs.org/less set size:undefined disposed:false
58 silly fetch manifest sass@^1.70.0
59 silly packumentCache full:https://registry.npmjs.org/sass cache-miss
60 http fetch GET 200 https://registry.npmjs.org/sass 60ms (cache miss)
61 silly packumentCache full:https://registry.npmjs.org/sass set size:undefined disposed:false
62 silly fetch manifest sass-embedded@^1.70.0
63 silly packumentCache full:https://registry.npmjs.org/sass-embedded cache-miss
64 http fetch GET 200 https://registry.npmjs.org/sass-embedded 68ms (cache miss)
65 silly packumentCache full:https://registry.npmjs.org/sass-embedded set size:undefined disposed:false
66 silly fetch manifest stylus@>=0.54.8
67 silly packumentCache full:https://registry.npmjs.org/stylus cache-miss
68 http fetch GET 200 https://registry.npmjs.org/stylus 60ms (cache miss)
69 silly packumentCache full:https://registry.npmjs.org/stylus set size:undefined disposed:false
70 silly fetch manifest sugarss@^5.0.0
71 silly packumentCache full:https://registry.npmjs.org/sugarss cache-miss
72 http fetch GET 200 https://registry.npmjs.org/sugarss 52ms (cache miss)
73 silly packumentCache full:https://registry.npmjs.org/sugarss set size:undefined disposed:false
74 silly fetch manifest postcss@^8.3.3
75 silly packumentCache full:https://registry.npmjs.org/postcss cache-miss
76 http fetch GET 200 https://registry.npmjs.org/postcss 64ms (cache miss)
77 silly packumentCache full:https://registry.npmjs.org/postcss set size:undefined disposed:false
78 silly fetch manifest terser@^5.16.0
79 silly packumentCache full:https://registry.npmjs.org/terser cache-miss
80 http fetch GET 200 https://registry.npmjs.org/terser 61ms (cache miss)
81 silly packumentCache full:https://registry.npmjs.org/terser set size:undefined disposed:false
82 silly fetch manifest tsx@^4.8.1
83 silly packumentCache full:https://registry.npmjs.org/tsx cache-miss
84 http fetch GET 200 https://registry.npmjs.org/tsx 79ms (cache miss)
85 silly packumentCache full:https://registry.npmjs.org/tsx set size:undefined disposed:false
86 silly fetch manifest yaml@^2.4.2
87 silly packumentCache full:https://registry.npmjs.org/yaml cache-miss
88 http fetch GET 200 https://registry.npmjs.org/yaml 54ms (cache miss)
89 silly packumentCache full:https://registry.npmjs.org/yaml set size:undefined disposed:false
90 silly fetch manifest eslint@^9.39.1
91 silly packumentCache full:https://registry.npmjs.org/eslint cache-miss
92 http fetch GET 200 https://registry.npmjs.org/eslint 77ms (cache miss)
93 silly packumentCache full:https://registry.npmjs.org/eslint set size:undefined disposed:false
94 silly fetch manifest jiti@*
95 silly packumentCache full:https://registry.npmjs.org/jiti cache-miss
96 http fetch GET 200 https://registry.npmjs.org/jiti 7ms (cache hit)
97 silly packumentCache full:https://registry.npmjs.org/jiti set size:382310 disposed:false
98 silly fetch manifest eslint-plugin-react-hooks@^7.0.1
99 silly packumentCache full:https://registry.npmjs.org/eslint-plugin-react-hooks cache-miss
100 http fetch GET 200 https://registry.npmjs.org/eslint-plugin-react-hooks 126ms (cache miss)
101 silly packumentCache full:https://registry.npmjs.org/eslint-plugin-react-hooks set size:undefined disposed:false
102 silly fetch manifest eslint-plugin-react-refresh@^0.4.24
103 silly packumentCache full:https://registry.npmjs.org/eslint-plugin-react-refresh cache-miss
104 http fetch GET 200 https://registry.npmjs.org/eslint-plugin-react-refresh 75ms (cache miss)
105 silly packumentCache full:https://registry.npmjs.org/eslint-plugin-react-refresh set size:undefined disposed:false
106 silly fetch manifest globals@^16.5.0
107 silly packumentCache full:https://registry.npmjs.org/globals cache-miss
108 http fetch GET 200 https://registry.npmjs.org/globals 61ms (cache miss)
109 silly packumentCache full:https://registry.npmjs.org/globals set size:undefined disposed:false
110 silly placeDep ROOT @eslint/js@9.39.1 OK for: vite-progect@0.0.0 want: ^9.39.1
111 silly placeDep ROOT @types/react@19.2.6 OK for: vite-progect@0.0.0 want: ^19.2.5
112 silly placeDep ROOT @types/react-dom@19.2.3 OK for: vite-progect@0.0.0 want: ^19.2.3
113 silly placeDep ROOT @vitejs/plugin-react-swc@4.2.2 OK for: vite-progect@0.0.0 want: ^4.2.2
114 silly placeDep ROOT vite@7.2.5 OK for: @vitejs/plugin-react-swc@4.2.2 want: npm:rolldown-vite@7.2.5
115 silly placeDep ROOT eslint@9.39.1 OK for: vite-progect@0.0.0 want: ^9.39.1
116 silly placeDep ROOT eslint-plugin-react-hooks@7.0.1 OK for: vite-progect@0.0.0 want: ^7.0.1
117 silly placeDep ROOT eslint-plugin-react-refresh@0.4.24 OK for: vite-progect@0.0.0 want: ^0.4.24
118 silly placeDep ROOT globals@16.5.0 OK for: vite-progect@0.0.0 want: ^16.5.0
119 silly placeDep ROOT react@19.2.0 OK for: vite-progect@0.0.0 want: ^19.2.0
120 silly placeDep ROOT react-dom@19.2.0 OK for: vite-progect@0.0.0 want: ^19.2.0
121 silly fetch manifest csstype@^3.2.2
122 silly packumentCache full:https://registry.npmjs.org/csstype cache-miss
123 silly fetch manifest @rolldown/pluginutils@1.0.0-beta.47
124 silly packumentCache full:https://registry.npmjs.org/@rolldown%2fpluginutils cache-miss
125 silly fetch manifest @swc/core@^1.13.5
126 silly packumentCache full:https://registry.npmjs.org/@swc%2fcore cache-miss
127 silly fetch manifest fdir@^6.5.0
128 silly packumentCache full:https://registry.npmjs.org/fdir cache-miss
129 silly fetch manifest postcss@^8.5.6
130 silly packumentCache full:https://registry.npmjs.org/postcss cache-miss
131 silly fetch manifest rolldown@1.0.0-beta.50
132 silly packumentCache full:https://registry.npmjs.org/rolldown cache-miss
133 silly fetch manifest picomatch@^4.0.3
134 silly packumentCache full:https://registry.npmjs.org/picomatch cache-miss
135 silly fetch manifest tinyglobby@^0.2.15
136 silly packumentCache full:https://registry.npmjs.org/tinyglobby cache-miss
137 silly fetch manifest lightningcss@^1.30.2
138 silly packumentCache full:https://registry.npmjs.org/lightningcss cache-miss
139 silly fetch manifest @oxc-project/runtime@0.97.0
140 silly packumentCache full:https://registry.npmjs.org/@oxc-project%2fruntime cache-miss
141 silly fetch manifest fsevents@~2.3.3
142 silly packumentCache full:https://registry.npmjs.org/fsevents cache-miss
143 http fetch GET 200 https://registry.npmjs.org/postcss 18ms (cache hit)
144 silly packumentCache full:https://registry.npmjs.org/postcss set size:696248 disposed:false
145 silly fetch manifest ajv@^6.12.4
146 silly packumentCache full:https://registry.npmjs.org/ajv cache-miss
147 http fetch GET 200 https://registry.npmjs.org/csstype 76ms (cache miss)
148 silly packumentCache full:https://registry.npmjs.org/csstype set size:undefined disposed:false
149 silly fetch manifest chalk@^4.0.0
150 silly packumentCache full:https://registry.npmjs.org/chalk cache-miss
151 http fetch GET 200 https://registry.npmjs.org/chalk 52ms (cache miss)
152 silly packumentCache full:https://registry.npmjs.org/chalk set size:undefined disposed:false
153 silly fetch manifest debug@^4.3.2
154 silly packumentCache full:https://registry.npmjs.org/debug cache-miss
155 http fetch GET 200 https://registry.npmjs.org/fdir 139ms (cache miss)
156 silly packumentCache full:https://registry.npmjs.org/fdir set size:undefined disposed:false
157 silly fetch manifest espree@^10.4.0
158 silly packumentCache full:https://registry.npmjs.org/espree cache-miss
159 http fetch GET 200 https://registry.npmjs.org/picomatch 147ms (cache miss)
160 silly packumentCache full:https://registry.npmjs.org/picomatch set size:undefined disposed:false
161 silly fetch manifest ignore@^5.2.0
162 silly packumentCache full:https://registry.npmjs.org/ignore cache-miss
163 http fetch GET 200 https://registry.npmjs.org/tinyglobby 151ms (cache miss)
164 silly packumentCache full:https://registry.npmjs.org/tinyglobby set size:undefined disposed:false
165 silly fetch manifest esquery@^1.5.0
166 silly packumentCache full:https://registry.npmjs.org/esquery cache-miss
167 http fetch GET 200 https://registry.npmjs.org/lightningcss 159ms (cache miss)
168 silly packumentCache full:https://registry.npmjs.org/lightningcss set size:undefined disposed:false
169 silly fetch manifest esutils@^2.0.2
170 silly packumentCache full:https://registry.npmjs.org/esutils cache-miss
171 http fetch GET 200 https://registry.npmjs.org/fsevents 165ms (cache miss)
172 silly packumentCache full:https://registry.npmjs.org/fsevents set size:undefined disposed:false
173 silly fetch manifest find-up@^5.0.0
174 silly packumentCache full:https://registry.npmjs.org/find-up cache-miss
175 http fetch GET 200 https://registry.npmjs.org/@rolldown%2fpluginutils 174ms (cache miss)
176 silly packumentCache full:https://registry.npmjs.org/@rolldown%2fpluginutils set size:undefined disposed:false
177 silly fetch manifest is-glob@^4.0.0
178 silly packumentCache full:https://registry.npmjs.org/is-glob cache-miss
179 http fetch GET 200 https://registry.npmjs.org/debug 58ms (cache miss)
180 silly packumentCache full:https://registry.npmjs.org/debug set size:undefined disposed:false
181 silly fetch manifest minimatch@^3.1.2
182 silly packumentCache full:https://registry.npmjs.org/minimatch cache-miss
183 http fetch GET 200 https://registry.npmjs.org/ajv 172ms (cache miss)
184 silly packumentCache full:https://registry.npmjs.org/ajv set size:undefined disposed:false
185 silly fetch manifest optionator@^0.9.3
186 silly packumentCache full:https://registry.npmjs.org/optionator cache-miss
187 http fetch GET 200 https://registry.npmjs.org/espree 64ms (cache miss)
188 silly packumentCache full:https://registry.npmjs.org/espree set size:undefined disposed:false
189 silly fetch manifest cross-spawn@^7.0.6
190 silly packumentCache full:https://registry.npmjs.org/cross-spawn cache-miss
191 http fetch GET 200 https://registry.npmjs.org/esquery 66ms (cache miss)
192 silly packumentCache full:https://registry.npmjs.org/esquery set size:undefined disposed:false
193 silly fetch manifest glob-parent@^6.0.2
194 silly packumentCache full:https://registry.npmjs.org/glob-parent cache-miss
195 http fetch GET 200 https://registry.npmjs.org/esutils 58ms (cache miss)
196 silly packumentCache full:https://registry.npmjs.org/esutils set size:undefined disposed:false
197 silly fetch manifest imurmurhash@^0.1.4
198 silly packumentCache full:https://registry.npmjs.org/imurmurhash cache-miss
199 http fetch GET 200 https://registry.npmjs.org/ignore 74ms (cache miss)
200 silly packumentCache full:https://registry.npmjs.org/ignore set size:undefined disposed:false
201 silly fetch manifest @eslint/core@^0.17.0
202 silly packumentCache full:https://registry.npmjs.org/@eslint%2fcore cache-miss
203 http fetch GET 200 https://registry.npmjs.org/rolldown 239ms (cache miss)
204 silly packumentCache full:https://registry.npmjs.org/rolldown set size:undefined disposed:false
205 silly fetch manifest eslint-scope@^8.4.0
206 silly packumentCache full:https://registry.npmjs.org/eslint-scope cache-miss
207 http fetch GET 200 https://registry.npmjs.org/find-up 88ms (cache miss)
208 silly packumentCache full:https://registry.npmjs.org/find-up set size:undefined disposed:false
209 silly fetch manifest lodash.merge@^4.6.2
210 silly packumentCache full:https://registry.npmjs.org/lodash.merge cache-miss
211 http fetch GET 200 https://registry.npmjs.org/is-glob 86ms (cache miss)
212 silly packumentCache full:https://registry.npmjs.org/is-glob set size:undefined disposed:false
213 silly fetch manifest @humanfs/node@^0.16.6
214 silly packumentCache full:https://registry.npmjs.org/@humanfs%2fnode cache-miss
215 http fetch GET 200 https://registry.npmjs.org/optionator 67ms (cache miss)
216 silly packumentCache full:https://registry.npmjs.org/optionator set size:undefined disposed:false
217 silly fetch manifest @types/estree@^1.0.6
218 silly packumentCache full:https://registry.npmjs.org/@types%2festree cache-miss
219 http fetch GET 200 https://registry.npmjs.org/cross-spawn 65ms (cache miss)
220 silly packumentCache full:https://registry.npmjs.org/cross-spawn set size:undefined disposed:false
221 silly fetch manifest fast-deep-equal@^3.1.3
222 silly packumentCache full:https://registry.npmjs.org/fast-deep-equal cache-miss
223 http fetch GET 200 https://registry.npmjs.org/minimatch 81ms (cache miss)
224 silly packumentCache full:https://registry.npmjs.org/minimatch set size:undefined disposed:false
225 silly fetch manifest natural-compare@^1.4.0
226 silly packumentCache full:https://registry.npmjs.org/natural-compare cache-miss
227 http fetch GET 200 https://registry.npmjs.org/glob-parent 61ms (cache miss)
228 silly packumentCache full:https://registry.npmjs.org/glob-parent set size:undefined disposed:false
229 silly fetch manifest @eslint/eslintrc@^3.3.1
230 silly packumentCache full:https://registry.npmjs.org/@eslint%2feslintrc cache-miss
231 http fetch GET 200 https://registry.npmjs.org/imurmurhash 70ms (cache miss)
232 silly packumentCache full:https://registry.npmjs.org/imurmurhash set size:undefined disposed:false
233 silly fetch manifest file-entry-cache@^8.0.0
234 silly packumentCache full:https://registry.npmjs.org/file-entry-cache cache-miss
235 http fetch GET 200 https://registry.npmjs.org/@eslint%2fcore 68ms (cache miss)
236 silly packumentCache full:https://registry.npmjs.org/@eslint%2fcore set size:undefined disposed:false
237 silly fetch manifest @eslint/plugin-kit@^0.4.1
238 silly packumentCache full:https://registry.npmjs.org/@eslint%2fplugin-kit cache-miss
239 http fetch GET 200 https://registry.npmjs.org/@swc%2fcore 297ms (cache miss)
240 silly packumentCache full:https://registry.npmjs.org/@swc%2fcore set size:undefined disposed:false
241 silly fetch manifest eslint-visitor-keys@^4.2.1
242 silly packumentCache full:https://registry.npmjs.org/eslint-visitor-keys cache-miss
243 http fetch GET 200 https://registry.npmjs.org/fast-deep-equal 54ms (cache miss)
244 silly packumentCache full:https://registry.npmjs.org/fast-deep-equal set size:undefined disposed:false
245 silly fetch manifest @eslint/config-array@^0.21.1
246 silly packumentCache full:https://registry.npmjs.org/@eslint%2fconfig-array cache-miss
247 http fetch GET 200 https://registry.npmjs.org/@humanfs%2fnode 65ms (cache miss)
248 silly packumentCache full:https://registry.npmjs.org/@humanfs%2fnode set size:undefined disposed:false
249 silly fetch manifest @humanwhocodes/retry@^0.4.2
250 silly packumentCache full:https://registry.npmjs.org/@humanwhocodes%2fretry cache-miss
251 http fetch GET 200 https://registry.npmjs.org/lodash.merge 71ms (cache miss)
252 silly packumentCache full:https://registry.npmjs.org/lodash.merge set size:undefined disposed:false
253 silly fetch manifest escape-string-regexp@^4.0.0
254 silly packumentCache full:https://registry.npmjs.org/escape-string-regexp cache-miss
255 http fetch GET 200 https://registry.npmjs.org/eslint-scope 78ms (cache miss)
256 silly packumentCache full:https://registry.npmjs.org/eslint-scope set size:undefined disposed:false
257 silly fetch manifest @eslint/config-helpers@^0.4.2
258 silly packumentCache full:https://registry.npmjs.org/@eslint%2fconfig-helpers cache-miss
259 http fetch GET 200 https://registry.npmjs.org/natural-compare 59ms (cache miss)
260 silly packumentCache full:https://registry.npmjs.org/natural-compare set size:undefined disposed:false
261 silly fetch manifest @eslint-community/regexpp@^4.12.1
262 silly packumentCache full:https://registry.npmjs.org/@eslint-community%2fregexpp cache-miss
263 http fetch GET 200 https://registry.npmjs.org/@types%2festree 68ms (cache miss)
264 silly packumentCache full:https://registry.npmjs.org/@types%2festree set size:undefined disposed:false
265 silly fetch manifest @eslint-community/eslint-utils@^4.8.0
266 silly packumentCache full:https://registry.npmjs.org/@eslint-community%2feslint-utils cache-miss
267 http fetch GET 200 https://registry.npmjs.org/file-entry-cache 54ms (cache miss)
268 silly packumentCache full:https://registry.npmjs.org/file-entry-cache set size:undefined disposed:false
269 silly fetch manifest @humanwhocodes/module-importer@^1.0.1
270 silly packumentCache full:https://registry.npmjs.org/@humanwhocodes%2fmodule-importer cache-miss
271 http fetch GET 200 https://registry.npmjs.org/@eslint%2feslintrc 64ms (cache miss)
272 silly packumentCache full:https://registry.npmjs.org/@eslint%2feslintrc set size:undefined disposed:false
273 silly fetch manifest json-stable-stringify-without-jsonify@^1.0.1
274 silly packumentCache full:https://registry.npmjs.org/json-stable-stringify-without-jsonify cache-miss
275 http fetch GET 200 https://registry.npmjs.org/@eslint%2fplugin-kit 62ms (cache miss)
276 silly packumentCache full:https://registry.npmjs.org/@eslint%2fplugin-kit set size:undefined disposed:false
277 silly fetch manifest zod@^3.25.0 || ^4.0.0
278 silly packumentCache full:https://registry.npmjs.org/zod cache-miss
279 http fetch GET 200 https://registry.npmjs.org/eslint-visitor-keys 56ms (cache miss)
280 silly packumentCache full:https://registry.npmjs.org/eslint-visitor-keys set size:undefined disposed:false
281 silly fetch manifest @babel/core@^7.24.4
282 silly packumentCache full:https://registry.npmjs.org/@babel%2fcore cache-miss
283 http fetch GET 200 https://registry.npmjs.org/escape-string-regexp 51ms (cache miss)
284 silly packumentCache full:https://registry.npmjs.org/escape-string-regexp set size:undefined disposed:false
285 silly fetch manifest @babel/parser@^7.24.4
286 silly packumentCache full:https://registry.npmjs.org/@babel%2fparser cache-miss
287 http fetch GET 200 https://registry.npmjs.org/@eslint%2fconfig-helpers 62ms (cache miss)
288 silly packumentCache full:https://registry.npmjs.org/@eslint%2fconfig-helpers set size:undefined disposed:false
289 silly fetch manifest hermes-parser@^0.25.1
290 silly packumentCache full:https://registry.npmjs.org/hermes-parser cache-miss
291 http fetch GET 200 https://registry.npmjs.org/@eslint%2fconfig-array 69ms (cache miss)
292 silly packumentCache full:https://registry.npmjs.org/@eslint%2fconfig-array set size:undefined disposed:false
293 silly fetch manifest zod-validation-error@^3.5.0 || ^4.0.0
294 silly packumentCache full:https://registry.npmjs.org/zod-validation-error cache-miss
295 http fetch GET 200 https://registry.npmjs.org/json-stable-stringify-without-jsonify 52ms (cache miss)
296 silly packumentCache full:https://registry.npmjs.org/json-stable-stringify-without-jsonify set size:undefined disposed:false
297 silly fetch manifest scheduler@^0.27.0
298 silly packumentCache full:https://registry.npmjs.org/scheduler cache-miss
299 http fetch GET 200 https://registry.npmjs.org/@oxc-project%2fruntime 400ms (cache miss)
300 silly packumentCache full:https://registry.npmjs.org/@oxc-project%2fruntime set size:undefined disposed:false
301 http fetch GET 200 https://registry.npmjs.org/@humanwhocodes%2fretry 100ms (cache miss)
302 silly packumentCache full:https://registry.npmjs.org/@humanwhocodes%2fretry set size:undefined disposed:false
303 http fetch GET 200 https://registry.npmjs.org/@eslint-community%2fregexpp 93ms (cache miss)
304 silly packumentCache full:https://registry.npmjs.org/@eslint-community%2fregexpp set size:undefined disposed:false
305 http fetch GET 200 https://registry.npmjs.org/@eslint-community%2feslint-utils 96ms (cache miss)
306 silly packumentCache full:https://registry.npmjs.org/@eslint-community%2feslint-utils set size:undefined disposed:false
307 http fetch GET 200 https://registry.npmjs.org/@humanwhocodes%2fmodule-importer 110ms (cache miss)
308 silly packumentCache full:https://registry.npmjs.org/@humanwhocodes%2fmodule-importer set size:undefined disposed:false
309 http fetch GET 200 https://registry.npmjs.org/hermes-parser 71ms (cache miss)
310 silly packumentCache full:https://registry.npmjs.org/hermes-parser set size:undefined disposed:false
311 http fetch GET 200 https://registry.npmjs.org/@babel%2fcore 105ms (cache miss)
312 silly packumentCache full:https://registry.npmjs.org/@babel%2fcore set size:undefined disposed:false
313 http fetch GET 200 https://registry.npmjs.org/zod-validation-error 85ms (cache miss)
314 silly packumentCache full:https://registry.npmjs.org/zod-validation-error set size:undefined disposed:false
315 http fetch GET 200 https://registry.npmjs.org/@babel%2fparser 101ms (cache miss)
316 silly packumentCache full:https://registry.npmjs.org/@babel%2fparser set size:undefined disposed:false
317 http fetch GET 200 https://registry.npmjs.org/zod 145ms (cache miss)
318 silly packumentCache full:https://registry.npmjs.org/zod set size:undefined disposed:false
319 http fetch GET 200 https://registry.npmjs.org/scheduler 140ms (cache miss)
320 silly packumentCache full:https://registry.npmjs.org/scheduler set size:undefined disposed:false
321 silly placeDep ROOT csstype@3.2.3 OK for: @types/react@19.2.6 want: ^3.2.2
322 silly fetch manifest @swc/helpers@>=0.5.17
323 silly packumentCache full:https://registry.npmjs.org/@swc%2fhelpers cache-miss
324 http fetch GET 200 https://registry.npmjs.org/@swc%2fhelpers 71ms (cache miss)
325 silly packumentCache full:https://registry.npmjs.org/@swc%2fhelpers set size:undefined disposed:false
326 silly placeDep ROOT @rolldown/pluginutils@1.0.0-beta.47 OK for: @vitejs/plugin-react-swc@4.2.2 want: 1.0.0-beta.47
327 silly placeDep ROOT @swc/core@1.15.3 OK for: @vitejs/plugin-react-swc@4.2.2 want: ^1.13.5
328 silly fetch manifest @swc/counter@^0.1.3
329 silly packumentCache full:https://registry.npmjs.org/@swc%2fcounter cache-miss
330 silly fetch manifest @swc/types@^0.1.25
331 silly packumentCache full:https://registry.npmjs.org/@swc%2ftypes cache-miss
332 silly fetch manifest @swc/core-darwin-x64@1.15.3
333 silly packumentCache full:https://registry.npmjs.org/@swc%2fcore-darwin-x64 cache-miss
334 silly fetch manifest @swc/core-win32-x64-msvc@1.15.3
335 silly packumentCache full:https://registry.npmjs.org/@swc%2fcore-win32-x64-msvc cache-miss
336 silly fetch manifest @swc/core-linux-x64-gnu@1.15.3
337 silly packumentCache full:https://registry.npmjs.org/@swc%2fcore-linux-x64-gnu cache-miss
338 silly fetch manifest @swc/core-linux-x64-musl@1.15.3
339 silly packumentCache full:https://registry.npmjs.org/@swc%2fcore-linux-x64-musl cache-miss
340 silly fetch manifest @swc/core-win32-ia32-msvc@1.15.3
341 silly packumentCache full:https://registry.npmjs.org/@swc%2fcore-win32-ia32-msvc cache-miss
342 silly fetch manifest @swc/core-linux-arm-gnueabihf@1.15.3
343 silly packumentCache full:https://registry.npmjs.org/@swc%2fcore-linux-arm-gnueabihf cache-miss
344 silly fetch manifest @swc/core-darwin-arm64@1.15.3
345 silly packumentCache full:https://registry.npmjs.org/@swc%2fcore-darwin-arm64 cache-miss
346 silly fetch manifest @swc/core-linux-arm64-gnu@1.15.3
347 silly packumentCache full:https://registry.npmjs.org/@swc%2fcore-linux-arm64-gnu cache-miss
348 silly fetch manifest @swc/core-linux-arm64-musl@1.15.3
349 silly packumentCache full:https://registry.npmjs.org/@swc%2fcore-linux-arm64-musl cache-miss
350 http fetch GET 200 https://registry.npmjs.org/@swc%2fcounter 82ms (cache miss)
351 silly packumentCache full:https://registry.npmjs.org/@swc%2fcounter set size:undefined disposed:false
352 silly fetch manifest @swc/core-win32-arm64-msvc@1.15.3
353 silly packumentCache full:https://registry.npmjs.org/@swc%2fcore-win32-arm64-msvc cache-miss
354 http fetch GET 200 https://registry.npmjs.org/@swc%2ftypes 111ms (cache miss)
355 silly packumentCache full:https://registry.npmjs.org/@swc%2ftypes set size:undefined disposed:false
356 http fetch GET 200 https://registry.npmjs.org/@swc%2fcore-linux-arm-gnueabihf 115ms (cache miss)
357 silly packumentCache full:https://registry.npmjs.org/@swc%2fcore-linux-arm-gnueabihf set size:undefined disposed:false
358 http fetch GET 200 https://registry.npmjs.org/@swc%2fcore-linux-arm64-gnu 147ms (cache miss)
359 silly packumentCache full:https://registry.npmjs.org/@swc%2fcore-linux-arm64-gnu set size:undefined disposed:false
360 http fetch GET 200 https://registry.npmjs.org/@swc%2fcore-linux-x64-gnu 160ms (cache miss)
361 silly packumentCache full:https://registry.npmjs.org/@swc%2fcore-linux-x64-gnu set size:undefined disposed:false
362 http fetch GET 200 https://registry.npmjs.org/@swc%2fcore-darwin-arm64 167ms (cache miss)
363 silly packumentCache full:https://registry.npmjs.org/@swc%2fcore-darwin-arm64 set size:undefined disposed:false
364 http fetch GET 200 https://registry.npmjs.org/@swc%2fcore-linux-x64-musl 182ms (cache miss)
365 silly packumentCache full:https://registry.npmjs.org/@swc%2fcore-linux-x64-musl set size:undefined disposed:false
366 http fetch GET 200 https://registry.npmjs.org/@swc%2fcore-win32-ia32-msvc 192ms (cache miss)
367 silly packumentCache full:https://registry.npmjs.org/@swc%2fcore-win32-ia32-msvc set size:undefined disposed:false
368 http fetch GET 200 https://registry.npmjs.org/@swc%2fcore-linux-arm64-musl 203ms (cache miss)
369 silly packumentCache full:https://registry.npmjs.org/@swc%2fcore-linux-arm64-musl set size:undefined disposed:false
370 http fetch GET 200 https://registry.npmjs.org/@swc%2fcore-darwin-x64 214ms (cache miss)
371 silly packumentCache full:https://registry.npmjs.org/@swc%2fcore-darwin-x64 set size:undefined disposed:false
372 http fetch GET 200 https://registry.npmjs.org/@swc%2fcore-win32-x64-msvc 225ms (cache miss)
373 silly packumentCache full:https://registry.npmjs.org/@swc%2fcore-win32-x64-msvc set size:undefined disposed:false
374 http fetch GET 200 https://registry.npmjs.org/@swc%2fcore-win32-arm64-msvc 163ms (cache miss)
375 silly packumentCache full:https://registry.npmjs.org/@swc%2fcore-win32-arm64-msvc set size:undefined disposed:false
376 silly placeDep ROOT @swc/core-darwin-arm64@1.15.3 OK for: @swc/core@1.15.3 want: 1.15.3
377 silly placeDep ROOT @swc/core-darwin-x64@1.15.3 OK for: @swc/core@1.15.3 want: 1.15.3
378 silly placeDep ROOT @swc/core-linux-arm-gnueabihf@1.15.3 OK for: @swc/core@1.15.3 want: 1.15.3
379 silly placeDep ROOT @swc/core-linux-arm64-gnu@1.15.3 OK for: @swc/core@1.15.3 want: 1.15.3
380 silly placeDep ROOT @swc/core-linux-arm64-musl@1.15.3 OK for: @swc/core@1.15.3 want: 1.15.3
381 silly placeDep ROOT @swc/core-linux-x64-gnu@1.15.3 OK for: @swc/core@1.15.3 want: 1.15.3
382 silly placeDep ROOT @swc/core-linux-x64-musl@1.15.3 OK for: @swc/core@1.15.3 want: 1.15.3
383 silly placeDep ROOT @swc/core-win32-arm64-msvc@1.15.3 OK for: @swc/core@1.15.3 want: 1.15.3
384 silly placeDep ROOT @swc/core-win32-ia32-msvc@1.15.3 OK for: @swc/core@1.15.3 want: 1.15.3
385 silly placeDep ROOT @swc/core-win32-x64-msvc@1.15.3 OK for: @swc/core@1.15.3 want: 1.15.3
386 silly placeDep ROOT @swc/counter@0.1.3 OK for: @swc/core@1.15.3 want: ^0.1.3
387 silly placeDep ROOT @swc/types@0.1.25 OK for: @swc/core@1.15.3 want: ^0.1.25
388 silly fetch manifest eslint@^6.0.0 || ^7.0.0 || >=8.0.0
389 silly packumentCache full:https://registry.npmjs.org/eslint cache-miss
390 http fetch GET 200 https://registry.npmjs.org/eslint 8ms (cache hit)
391 silly packumentCache full:https://registry.npmjs.org/eslint set size:1859273 disposed:false
392 silly placeDep ROOT @eslint-community/eslint-utils@4.9.0 OK for: eslint@9.39.1 want: ^4.8.0
393 silly placeDep ROOT @eslint-community/regexpp@4.12.2 OK for: eslint@9.39.1 want: ^4.12.1
394 silly placeDep ROOT @eslint/config-array@0.21.1 OK for: eslint@9.39.1 want: ^0.21.1
395 silly placeDep ROOT @eslint/config-helpers@0.4.2 OK for: eslint@9.39.1 want: ^0.4.2
396 silly placeDep ROOT @eslint/core@0.17.0 OK for: eslint@9.39.1 want: ^0.17.0
397 silly placeDep ROOT @eslint/eslintrc@3.3.1 OK for: eslint@9.39.1 want: ^3.3.1
398 silly placeDep ROOT @eslint/plugin-kit@0.4.1 OK for: eslint@9.39.1 want: ^0.4.1
399 silly placeDep ROOT @humanfs/node@0.16.7 OK for: eslint@9.39.1 want: ^0.16.6
400 silly placeDep ROOT @humanwhocodes/module-importer@1.0.1 OK for: eslint@9.39.1 want: ^1.0.1
401 silly placeDep ROOT @humanwhocodes/retry@0.4.3 OK for: eslint@9.39.1 want: ^0.4.2
402 silly placeDep ROOT @types/estree@1.0.8 OK for: eslint@9.39.1 want: ^1.0.6
403 silly placeDep ROOT ajv@6.12.6 OK for: eslint@9.39.1 want: ^6.12.4
404 silly placeDep ROOT chalk@4.1.2 OK for: eslint@9.39.1 want: ^4.0.0
405 silly placeDep ROOT cross-spawn@7.0.6 OK for: eslint@9.39.1 want: ^7.0.6
406 silly placeDep ROOT debug@4.4.3 OK for: eslint@9.39.1 want: ^4.3.2
407 silly placeDep ROOT escape-string-regexp@4.0.0 OK for: eslint@9.39.1 want: ^4.0.0
408 silly placeDep ROOT eslint-scope@8.4.0 OK for: eslint@9.39.1 want: ^8.4.0
409 silly placeDep ROOT eslint-visitor-keys@4.2.1 OK for: eslint@9.39.1 want: ^4.2.1
410 silly placeDep ROOT espree@10.4.0 OK for: eslint@9.39.1 want: ^10.4.0
411 silly placeDep ROOT esquery@1.6.0 OK for: eslint@9.39.1 want: ^1.5.0
412 silly placeDep ROOT esutils@2.0.3 OK for: eslint@9.39.1 want: ^2.0.2
413 silly placeDep ROOT fast-deep-equal@3.1.3 OK for: eslint@9.39.1 want: ^3.1.3
414 silly placeDep ROOT file-entry-cache@8.0.0 OK for: eslint@9.39.1 want: ^8.0.0
415 silly placeDep ROOT find-up@5.0.0 OK for: eslint@9.39.1 want: ^5.0.0
416 silly placeDep ROOT glob-parent@6.0.2 OK for: eslint@9.39.1 want: ^6.0.2
417 silly placeDep ROOT ignore@5.3.2 OK for: eslint@9.39.1 want: ^5.2.0
418 silly placeDep ROOT imurmurhash@0.1.4 OK for: eslint@9.39.1 want: ^0.1.4
419 silly placeDep ROOT is-glob@4.0.3 OK for: eslint@9.39.1 want: ^4.0.0
420 silly placeDep ROOT json-stable-stringify-without-jsonify@1.0.1 OK for: eslint@9.39.1 want: ^1.0.1
421 silly placeDep ROOT lodash.merge@4.6.2 OK for: eslint@9.39.1 want: ^4.6.2
422 silly placeDep ROOT minimatch@3.1.2 OK for: eslint@9.39.1 want: ^3.1.2
423 silly placeDep ROOT natural-compare@1.4.0 OK for: eslint@9.39.1 want: ^1.4.0
424 silly placeDep ROOT optionator@0.9.4 OK for: eslint@9.39.1 want: ^0.9.3
425 silly fetch manifest eslint-visitor-keys@^3.4.3
426 silly packumentCache full:https://registry.npmjs.org/eslint-visitor-keys cache-miss
427 silly fetch manifest debug@^4.3.1
428 silly packumentCache full:https://registry.npmjs.org/debug cache-miss
429 silly fetch manifest @eslint/object-schema@^2.1.7
430 silly packumentCache full:https://registry.npmjs.org/@eslint%2fobject-schema cache-miss
431 silly fetch manifest @types/json-schema@^7.0.15
432 silly packumentCache full:https://registry.npmjs.org/@types%2fjson-schema cache-miss
433 silly fetch manifest espree@^10.0.1
434 silly packumentCache full:https://registry.npmjs.org/espree cache-miss
435 silly fetch manifest globals@^14.0.0
436 silly packumentCache full:https://registry.npmjs.org/globals cache-miss
437 silly fetch manifest import-fresh@^3.2.1
438 silly packumentCache full:https://registry.npmjs.org/import-fresh cache-miss
439 silly fetch manifest js-yaml@^4.1.0
440 silly packumentCache full:https://registry.npmjs.org/js-yaml cache-miss
441 silly fetch manifest strip-json-comments@^3.1.1
442 silly packumentCache full:https://registry.npmjs.org/strip-json-comments cache-miss
443 silly fetch manifest levn@^0.4.1
444 silly packumentCache full:https://registry.npmjs.org/levn cache-miss
445 silly fetch manifest @humanwhocodes/retry@^0.4.0
446 silly packumentCache full:https://registry.npmjs.org/@humanwhocodes%2fretry cache-miss
447 http fetch GET 200 https://registry.npmjs.org/espree 11ms (cache hit)
448 silly packumentCache full:https://registry.npmjs.org/espree set size:317497 disposed:false
449 silly fetch manifest @humanfs/core@^0.19.1
450 silly packumentCache full:https://registry.npmjs.org/@humanfs%2fcore cache-miss
451 http fetch GET 200 https://registry.npmjs.org/globals 15ms (cache hit)
452 silly packumentCache full:https://registry.npmjs.org/globals set size:290151 disposed:false
453 silly fetch manifest uri-js@^4.2.2
454 silly packumentCache full:https://registry.npmjs.org/uri-js cache-miss
455 http fetch GET 200 https://registry.npmjs.org/eslint-visitor-keys 19ms (cache hit)
456 silly packumentCache full:https://registry.npmjs.org/eslint-visitor-keys set size:67352 disposed:false
457 silly fetch manifest fast-deep-equal@^3.1.1
458 silly packumentCache full:https://registry.npmjs.org/fast-deep-equal cache-miss
459 http fetch GET 200 https://registry.npmjs.org/debug 21ms (cache hit)
460 silly packumentCache full:https://registry.npmjs.org/debug set size:195840 disposed:false
461 silly fetch manifest json-schema-traverse@^0.4.1
462 silly packumentCache full:https://registry.npmjs.org/json-schema-traverse cache-miss
463 http fetch GET 200 https://registry.npmjs.org/@humanwhocodes%2fretry 21ms (cache hit)
464 silly packumentCache full:https://registry.npmjs.org/@humanwhocodes%2fretry set size:42348 disposed:false
465 silly fetch manifest fast-json-stable-stringify@^2.0.0
466 silly packumentCache full:https://registry.npmjs.org/fast-json-stable-stringify cache-miss
467 http fetch GET 200 https://registry.npmjs.org/fast-deep-equal 9ms (cache hit)
468 silly packumentCache full:https://registry.npmjs.org/fast-deep-equal set size:48634 disposed:false
469 silly fetch manifest ansi-styles@^4.1.0
470 silly packumentCache full:https://registry.npmjs.org/ansi-styles cache-miss
471 http fetch GET 200 https://registry.npmjs.org/levn 48ms (cache miss)
472 silly packumentCache full:https://registry.npmjs.org/levn set size:undefined disposed:false
473 silly fetch manifest supports-color@^7.1.0
474 silly packumentCache full:https://registry.npmjs.org/supports-color cache-miss
475 http fetch GET 200 https://registry.npmjs.org/strip-json-comments 62ms (cache miss)
476 silly packumentCache full:https://registry.npmjs.org/strip-json-comments set size:undefined disposed:false
477 silly fetch manifest which@^2.0.1
478 silly packumentCache full:https://registry.npmjs.org/which cache-miss
479 http fetch GET 200 https://registry.npmjs.org/@types%2fjson-schema 65ms (cache miss)
480 silly packumentCache full:https://registry.npmjs.org/@types%2fjson-schema set size:undefined disposed:false
481 silly fetch manifest path-key@^3.1.0
482 silly packumentCache full:https://registry.npmjs.org/path-key cache-miss
483 http fetch GET 200 https://registry.npmjs.org/@eslint%2fobject-schema 66ms (cache miss)
484 silly packumentCache full:https://registry.npmjs.org/@eslint%2fobject-schema set size:undefined disposed:false
485 silly fetch manifest shebang-command@^2.0.0
486 silly packumentCache full:https://registry.npmjs.org/shebang-command cache-miss
487 http fetch GET 200 https://registry.npmjs.org/js-yaml 66ms (cache miss)
488 silly packumentCache full:https://registry.npmjs.org/js-yaml set size:undefined disposed:false
489 silly fetch manifest ms@^2.1.3
490 silly packumentCache full:https://registry.npmjs.org/ms cache-miss
491 http fetch GET 200 https://registry.npmjs.org/import-fresh 70ms (cache miss)
492 silly packumentCache full:https://registry.npmjs.org/import-fresh set size:undefined disposed:false
493 silly fetch manifest esrecurse@^4.3.0
494 silly packumentCache full:https://registry.npmjs.org/esrecurse cache-miss
495 http fetch GET 200 https://registry.npmjs.org/uri-js 57ms (cache miss)
496 silly packumentCache full:https://registry.npmjs.org/uri-js set size:undefined disposed:false
497 silly fetch manifest estraverse@^5.2.0
498 silly packumentCache full:https://registry.npmjs.org/estraverse cache-miss
499 http fetch GET 200 https://registry.npmjs.org/json-schema-traverse 56ms (cache miss)
500 silly packumentCache full:https://registry.npmjs.org/json-schema-traverse set size:undefined disposed:false
501 silly fetch manifest acorn@^8.15.0
502 silly packumentCache full:https://registry.npmjs.org/acorn cache-miss
503 http fetch GET 200 https://registry.npmjs.org/@humanfs%2fcore 67ms (cache miss)
504 silly packumentCache full:https://registry.npmjs.org/@humanfs%2fcore set size:undefined disposed:false
505 silly fetch manifest acorn-jsx@^5.3.2
506 silly packumentCache full:https://registry.npmjs.org/acorn-jsx cache-miss
507 http fetch GET 200 https://registry.npmjs.org/ansi-styles 54ms (cache miss)
508 silly packumentCache full:https://registry.npmjs.org/ansi-styles set size:undefined disposed:false
509 silly fetch manifest estraverse@^5.1.0
510 silly packumentCache full:https://registry.npmjs.org/estraverse cache-miss
511 http fetch GET 200 https://registry.npmjs.org/fast-json-stable-stringify 61ms (cache miss)
512 silly packumentCache full:https://registry.npmjs.org/fast-json-stable-stringify set size:undefined disposed:false
513 silly fetch manifest flat-cache@^4.0.0
514 silly packumentCache full:https://registry.npmjs.org/flat-cache cache-miss
515 http fetch GET 200 https://registry.npmjs.org/supports-color 57ms (cache miss)
516 silly packumentCache full:https://registry.npmjs.org/supports-color set size:undefined disposed:false
517 silly fetch manifest locate-path@^6.0.0
518 silly packumentCache full:https://registry.npmjs.org/locate-path cache-miss
519 http fetch GET 200 https://registry.npmjs.org/which 51ms (cache miss)
520 silly packumentCache full:https://registry.npmjs.org/which set size:undefined disposed:false
521 silly fetch manifest path-exists@^4.0.0
522 silly packumentCache full:https://registry.npmjs.org/path-exists cache-miss
523 http fetch GET 200 https://registry.npmjs.org/esrecurse 52ms (cache miss)
524 silly packumentCache full:https://registry.npmjs.org/esrecurse set size:undefined disposed:false
525 silly fetch manifest is-glob@^4.0.3
526 silly packumentCache full:https://registry.npmjs.org/is-glob cache-miss
527 http fetch GET 200 https://registry.npmjs.org/path-key 59ms (cache miss)
528 silly packumentCache full:https://registry.npmjs.org/path-key set size:undefined disposed:false
529 silly fetch manifest is-extglob@^2.1.1
530 silly packumentCache full:https://registry.npmjs.org/is-extglob cache-miss
531 http fetch GET 200 https://registry.npmjs.org/ms 58ms (cache miss)
532 silly packumentCache full:https://registry.npmjs.org/ms set size:undefined disposed:false
533 silly fetch manifest brace-expansion@^1.1.7
534 silly packumentCache full:https://registry.npmjs.org/brace-expansion cache-miss
535 http fetch GET 200 https://registry.npmjs.org/shebang-command 64ms (cache miss)
536 silly packumentCache full:https://registry.npmjs.org/shebang-command set size:undefined disposed:false
537 silly fetch manifest prelude-ls@^1.2.1
538 silly packumentCache full:https://registry.npmjs.org/prelude-ls cache-miss
539 http fetch GET 200 https://registry.npmjs.org/is-glob 10ms (cache hit)
540 silly packumentCache full:https://registry.npmjs.org/is-glob set size:40530 disposed:false
541 silly fetch manifest deep-is@^0.1.3
542 silly packumentCache full:https://registry.npmjs.org/deep-is cache-miss
543 http fetch GET 200 https://registry.npmjs.org/acorn-jsx 54ms (cache miss)
544 silly packumentCache full:https://registry.npmjs.org/acorn-jsx set size:undefined disposed:false
545 silly fetch manifest word-wrap@^1.2.5
546 silly packumentCache full:https://registry.npmjs.org/word-wrap cache-miss
547 http fetch GET 200 https://registry.npmjs.org/acorn 61ms (cache miss)
548 silly packumentCache full:https://registry.npmjs.org/acorn set size:undefined disposed:false
549 silly fetch manifest type-check@^0.4.0
550 silly packumentCache full:https://registry.npmjs.org/type-check cache-miss
551 http fetch GET 200 https://registry.npmjs.org/estraverse 66ms (cache miss)
552 silly packumentCache full:https://registry.npmjs.org/estraverse set size:undefined disposed:false
553 silly fetch manifest fast-levenshtein@^2.0.6
554 silly packumentCache full:https://registry.npmjs.org/fast-levenshtein cache-miss
555 http fetch GET 200 https://registry.npmjs.org/flat-cache 67ms (cache miss)
556 silly packumentCache full:https://registry.npmjs.org/flat-cache set size:undefined disposed:false
557 http fetch GET 200 https://registry.npmjs.org/estraverse 95ms (cache miss)
558 silly packumentCache full:https://registry.npmjs.org/estraverse set size:undefined disposed:false
559 http fetch GET 200 https://registry.npmjs.org/locate-path 63ms (cache miss)
560 silly packumentCache full:https://registry.npmjs.org/locate-path set size:undefined disposed:false
561 http fetch GET 200 https://registry.npmjs.org/brace-expansion 50ms (cache miss)
562 silly packumentCache full:https://registry.npmjs.org/brace-expansion set size:undefined disposed:false
563 http fetch GET 200 https://registry.npmjs.org/path-exists 68ms (cache miss)
564 silly packumentCache full:https://registry.npmjs.org/path-exists set size:undefined disposed:false
565 http fetch GET 200 https://registry.npmjs.org/prelude-ls 55ms (cache miss)
566 silly packumentCache full:https://registry.npmjs.org/prelude-ls set size:undefined disposed:false
567 http fetch GET 200 https://registry.npmjs.org/word-wrap 49ms (cache miss)
568 silly packumentCache full:https://registry.npmjs.org/word-wrap set size:undefined disposed:false
569 http fetch GET 200 https://registry.npmjs.org/deep-is 53ms (cache miss)
570 silly packumentCache full:https://registry.npmjs.org/deep-is set size:undefined disposed:false
571 http fetch GET 200 https://registry.npmjs.org/type-check 50ms (cache miss)
572 silly packumentCache full:https://registry.npmjs.org/type-check set size:undefined disposed:false
573 http fetch GET 200 https://registry.npmjs.org/is-extglob 71ms (cache miss)
574 silly packumentCache full:https://registry.npmjs.org/is-extglob set size:undefined disposed:false
575 http fetch GET 200 https://registry.npmjs.org/fast-levenshtein 72ms (cache miss)
576 silly packumentCache full:https://registry.npmjs.org/fast-levenshtein set size:undefined disposed:false
577 silly placeDep node_modules/@eslint-community/eslint-utils eslint-visitor-keys@3.4.3 OK for: @eslint-community/eslint-utils@4.9.0 want: ^3.4.3
578 silly placeDep ROOT @eslint/object-schema@2.1.7 OK for: @eslint/config-array@0.21.1 want: ^2.1.7
579 silly placeDep ROOT @types/json-schema@7.0.15 OK for: @eslint/core@0.17.0 want: ^7.0.15
580 silly placeDep node_modules/@eslint/eslintrc globals@14.0.0 OK for: @eslint/eslintrc@3.3.1 want: ^14.0.0
581 silly placeDep ROOT import-fresh@3.3.1 OK for: @eslint/eslintrc@3.3.1 want: ^3.2.1
582 silly placeDep ROOT js-yaml@4.1.1 OK for: @eslint/eslintrc@3.3.1 want: ^4.1.0
583 silly placeDep ROOT strip-json-comments@3.1.1 OK for: @eslint/eslintrc@3.3.1 want: ^3.1.1
584 silly fetch manifest parent-module@^1.0.0
585 silly packumentCache full:https://registry.npmjs.org/parent-module cache-miss
586 silly fetch manifest resolve-from@^4.0.0
587 silly packumentCache full:https://registry.npmjs.org/resolve-from cache-miss
588 silly fetch manifest argparse@^2.0.1
589 silly packumentCache full:https://registry.npmjs.org/argparse cache-miss
590 http fetch GET 200 https://registry.npmjs.org/resolve-from 47ms (cache miss)
591 silly packumentCache full:https://registry.npmjs.org/resolve-from set size:undefined disposed:false
592 http fetch GET 200 https://registry.npmjs.org/argparse 50ms (cache miss)
593 silly packumentCache full:https://registry.npmjs.org/argparse set size:undefined disposed:false
594 http fetch GET 200 https://registry.npmjs.org/parent-module 61ms (cache miss)
595 silly packumentCache full:https://registry.npmjs.org/parent-module set size:undefined disposed:false
596 silly placeDep ROOT levn@0.4.1 OK for: @eslint/plugin-kit@0.4.1 want: ^0.4.1
597 silly fetch manifest type-check@~0.4.0
598 silly packumentCache full:https://registry.npmjs.org/type-check cache-miss
599 http fetch GET 200 https://registry.npmjs.org/type-check 3ms (cache hit)
600 silly packumentCache full:https://registry.npmjs.org/type-check set size:21221 disposed:false
601 silly placeDep ROOT @humanfs/core@0.19.1 OK for: @humanfs/node@0.16.7 want: ^0.19.1
602 silly placeDep ROOT fast-json-stable-stringify@2.1.0 OK for: ajv@6.12.6 want: ^2.0.0
603 silly placeDep ROOT json-schema-traverse@0.4.1 OK for: ajv@6.12.6 want: ^0.4.1
604 silly placeDep ROOT uri-js@4.4.1 OK for: ajv@6.12.6 want: ^4.2.2
605 silly fetch manifest punycode@^2.1.0
606 silly packumentCache full:https://registry.npmjs.org/punycode cache-miss
607 http fetch GET 200 https://registry.npmjs.org/punycode 52ms (cache miss)
608 silly packumentCache full:https://registry.npmjs.org/punycode set size:undefined disposed:false
609 silly placeDep ROOT ansi-styles@4.3.0 OK for: chalk@4.1.2 want: ^4.1.0
610 silly placeDep ROOT supports-color@7.2.0 OK for: chalk@4.1.2 want: ^7.1.0
611 silly fetch manifest color-convert@^2.0.1
612 silly packumentCache full:https://registry.npmjs.org/color-convert cache-miss
613 silly fetch manifest has-flag@^4.0.0
614 silly packumentCache full:https://registry.npmjs.org/has-flag cache-miss
615 http fetch GET 200 https://registry.npmjs.org/has-flag 50ms (cache miss)
616 silly packumentCache full:https://registry.npmjs.org/has-flag set size:undefined disposed:false
617 http fetch GET 200 https://registry.npmjs.org/color-convert 56ms (cache miss)
618 silly packumentCache full:https://registry.npmjs.org/color-convert set size:undefined disposed:false
619 silly placeDep ROOT color-convert@2.0.1 OK for: ansi-styles@4.3.0 want: ^2.0.1
620 silly fetch manifest color-name@~1.1.4
621 silly packumentCache full:https://registry.npmjs.org/color-name cache-miss
622 http fetch GET 200 https://registry.npmjs.org/color-name 48ms (cache miss)
623 silly packumentCache full:https://registry.npmjs.org/color-name set size:undefined disposed:false
624 silly placeDep ROOT color-name@1.1.4 OK for: color-convert@2.0.1 want: ~1.1.4
625 silly placeDep ROOT path-key@3.1.1 OK for: cross-spawn@7.0.6 want: ^3.1.0
626 silly placeDep ROOT shebang-command@2.0.0 OK for: cross-spawn@7.0.6 want: ^2.0.0
627 silly placeDep ROOT which@2.0.2 OK for: cross-spawn@7.0.6 want: ^2.0.1
628 silly fetch manifest shebang-regex@^3.0.0
629 silly packumentCache full:https://registry.npmjs.org/shebang-regex cache-miss
630 silly fetch manifest isexe@^2.0.0
631 silly packumentCache full:https://registry.npmjs.org/isexe cache-miss
632 http fetch GET 200 https://registry.npmjs.org/shebang-regex 50ms (cache miss)
633 silly packumentCache full:https://registry.npmjs.org/shebang-regex set size:undefined disposed:false
634 http fetch GET 200 https://registry.npmjs.org/isexe 58ms (cache miss)
635 silly packumentCache full:https://registry.npmjs.org/isexe set size:undefined disposed:false
636 silly placeDep ROOT ms@2.1.3 OK for: debug@4.4.3 want: ^2.1.3
637 silly placeDep ROOT @babel/core@7.28.5 OK for: eslint-plugin-react-hooks@7.0.1 want: ^7.24.4
638 silly placeDep ROOT @babel/parser@7.28.5 OK for: eslint-plugin-react-hooks@7.0.1 want: ^7.24.4
639 silly placeDep ROOT hermes-parser@0.25.1 OK for: eslint-plugin-react-hooks@7.0.1 want: ^0.25.1
640 silly placeDep ROOT zod@4.1.12 OK for: eslint-plugin-react-hooks@7.0.1 want: ^3.25.0 || ^4.0.0
641 silly placeDep ROOT zod-validation-error@4.0.2 OK for: eslint-plugin-react-hooks@7.0.1 want: ^3.5.0 || ^4.0.0
642 silly fetch manifest @babel/code-frame@^7.27.1
643 silly packumentCache full:https://registry.npmjs.org/@babel%2fcode-frame cache-miss
644 silly fetch manifest @babel/generator@^7.28.5
645 silly packumentCache full:https://registry.npmjs.org/@babel%2fgenerator cache-miss
646 silly fetch manifest @babel/helper-compilation-targets@^7.27.2
647 silly packumentCache full:https://registry.npmjs.org/@babel%2fhelper-compilation-targets cache-miss
648 silly fetch manifest @babel/helper-module-transforms@^7.28.3
649 silly packumentCache full:https://registry.npmjs.org/@babel%2fhelper-module-transforms cache-miss
650 silly fetch manifest @babel/helpers@^7.28.4
651 silly packumentCache full:https://registry.npmjs.org/@babel%2fhelpers cache-miss
652 silly fetch manifest @babel/parser@^7.28.5
653 silly packumentCache full:https://registry.npmjs.org/@babel%2fparser cache-miss
654 silly fetch manifest @babel/template@^7.27.2
655 silly packumentCache full:https://registry.npmjs.org/@babel%2ftemplate cache-miss
656 silly fetch manifest @babel/traverse@^7.28.5
657 silly packumentCache full:https://registry.npmjs.org/@babel%2ftraverse cache-miss
658 silly fetch manifest @babel/types@^7.28.5
659 silly packumentCache full:https://registry.npmjs.org/@babel%2ftypes cache-miss
660 silly fetch manifest @jridgewell/remapping@^2.3.5
661 silly packumentCache full:https://registry.npmjs.org/@jridgewell%2fremapping cache-miss
662 silly fetch manifest convert-source-map@^2.0.0
663 silly packumentCache full:https://registry.npmjs.org/convert-source-map cache-miss
664 http fetch GET 200 https://registry.npmjs.org/@babel%2fparser 9ms (cache hit)
665 silly packumentCache full:https://registry.npmjs.org/@babel%2fparser set size:702781 disposed:false
666 silly fetch manifest gensync@^1.0.0-beta.2
667 silly packumentCache full:https://registry.npmjs.org/gensync cache-miss
668 http fetch GET 200 https://registry.npmjs.org/convert-source-map 54ms (cache miss)
669 silly packumentCache full:https://registry.npmjs.org/convert-source-map set size:undefined disposed:false
670 silly fetch manifest json5@^2.2.3
671 silly packumentCache full:https://registry.npmjs.org/json5 cache-miss
672 http fetch GET 200 https://registry.npmjs.org/@babel%2fhelper-compilation-targets 64ms (cache miss)
673 silly packumentCache full:https://registry.npmjs.org/@babel%2fhelper-compilation-targets set size:undefined disposed:false
674 silly fetch manifest semver@^6.3.1
675 silly packumentCache full:https://registry.npmjs.org/semver cache-miss
676 http fetch GET 200 https://registry.npmjs.org/gensync 60ms (cache miss)
677 silly packumentCache full:https://registry.npmjs.org/gensync set size:undefined disposed:false
678 silly fetch manifest @babel/types@^7.28.5
679 silly packumentCache full:https://registry.npmjs.org/@babel%2ftypes cache-miss
680 http fetch GET 200 https://registry.npmjs.org/@jridgewell%2fremapping 77ms (cache miss)
681 silly packumentCache full:https://registry.npmjs.org/@jridgewell%2fremapping set size:undefined disposed:false
682 silly fetch manifest hermes-estree@0.25.1
683 silly packumentCache full:https://registry.npmjs.org/hermes-estree cache-miss
684 http fetch GET 200 https://registry.npmjs.org/@babel%2ftemplate 80ms (cache miss)
685 silly packumentCache full:https://registry.npmjs.org/@babel%2ftemplate set size:undefined disposed:false
686 http fetch GET 200 https://registry.npmjs.org/@babel%2fhelper-module-transforms 81ms (cache miss)
687 silly packumentCache full:https://registry.npmjs.org/@babel%2fhelper-module-transforms set size:undefined disposed:false
688 http fetch GET 200 https://registry.npmjs.org/@babel%2fcode-frame 86ms (cache miss)
689 silly packumentCache full:https://registry.npmjs.org/@babel%2fcode-frame set size:undefined disposed:false
690 http fetch GET 200 https://registry.npmjs.org/@babel%2fgenerator 89ms (cache miss)
691 silly packumentCache full:https://registry.npmjs.org/@babel%2fgenerator set size:undefined disposed:false
692 http fetch GET 200 https://registry.npmjs.org/@babel%2ftypes 90ms (cache miss)
693 silly packumentCache full:https://registry.npmjs.org/@babel%2ftypes set size:undefined disposed:false
694 http fetch GET 200 https://registry.npmjs.org/@babel%2fhelpers 94ms (cache miss)
695 silly packumentCache full:https://registry.npmjs.org/@babel%2fhelpers set size:undefined disposed:false
696 http fetch GET 200 https://registry.npmjs.org/@babel%2ftraverse 96ms (cache miss)
697 silly packumentCache full:https://registry.npmjs.org/@babel%2ftraverse set size:undefined disposed:false
698 http fetch GET 200 https://registry.npmjs.org/hermes-estree 48ms (cache miss)
699 silly packumentCache full:https://registry.npmjs.org/hermes-estree set size:undefined disposed:false
700 http fetch GET 200 https://registry.npmjs.org/json5 77ms (cache miss)
701 silly packumentCache full:https://registry.npmjs.org/json5 set size:undefined disposed:false
702 http fetch GET 200 https://registry.npmjs.org/semver 70ms (cache miss)
703 silly packumentCache full:https://registry.npmjs.org/semver set size:undefined disposed:false
704 http fetch GET 200 https://registry.npmjs.org/@babel%2ftypes 66ms (cache miss)
705 silly packumentCache full:https://registry.npmjs.org/@babel%2ftypes set size:undefined disposed:false
706 silly fetch manifest @babel/core@^7.0.0
707 silly packumentCache full:https://registry.npmjs.org/@babel%2fcore cache-miss
708 http fetch GET 200 https://registry.npmjs.org/@babel%2fcore 4ms (cache hit)
709 silly packumentCache full:https://registry.npmjs.org/@babel%2fcore set size:738278 disposed:false
710 silly placeDep ROOT @babel/code-frame@7.27.1 OK for: @babel/core@7.28.5 want: ^7.27.1
711 silly placeDep ROOT @babel/generator@7.28.5 OK for: @babel/core@7.28.5 want: ^7.28.5
712 silly placeDep ROOT @babel/helper-compilation-targets@7.27.2 OK for: @babel/core@7.28.5 want: ^7.27.2
713 silly placeDep ROOT @babel/helper-module-transforms@7.28.3 OK for: @babel/core@7.28.5 want: ^7.28.3
714 silly placeDep ROOT @babel/helpers@7.28.4 OK for: @babel/core@7.28.5 want: ^7.28.4
715 silly placeDep ROOT @babel/template@7.27.2 OK for: @babel/core@7.28.5 want: ^7.27.2
716 silly placeDep ROOT @babel/traverse@7.28.5 OK for: @babel/core@7.28.5 want: ^7.28.5
717 silly placeDep ROOT @babel/types@7.28.5 OK for: @babel/core@7.28.5 want: ^7.28.5
718 silly placeDep ROOT @jridgewell/remapping@2.3.5 OK for: @babel/core@7.28.5 want: ^2.3.5
719 silly placeDep ROOT convert-source-map@2.0.0 OK for: @babel/core@7.28.5 want: ^2.0.0
720 silly placeDep ROOT gensync@1.0.0-beta.2 OK for: @babel/core@7.28.5 want: ^1.0.0-beta.2
721 silly placeDep ROOT json5@2.2.3 OK for: @babel/core@7.28.5 want: ^2.2.3
722 silly placeDep ROOT semver@6.3.1 OK for: @babel/core@7.28.5 want: ^6.3.1
723 silly fetch manifest js-tokens@^4.0.0
724 silly packumentCache full:https://registry.npmjs.org/js-tokens cache-miss
725 silly fetch manifest picocolors@^1.1.1
726 silly packumentCache full:https://registry.npmjs.org/picocolors cache-miss
727 silly fetch manifest @babel/helper-validator-identifier@^7.27.1
728 silly packumentCache full:https://registry.npmjs.org/@babel%2fhelper-validator-identifier cache-miss
729 silly fetch manifest @jridgewell/gen-mapping@^0.3.12
730 silly packumentCache full:https://registry.npmjs.org/@jridgewell%2fgen-mapping cache-miss
731 silly fetch manifest @jridgewell/trace-mapping@^0.3.28
732 silly packumentCache full:https://registry.npmjs.org/@jridgewell%2ftrace-mapping cache-miss
733 silly fetch manifest jsesc@^3.0.2
734 silly packumentCache full:https://registry.npmjs.org/jsesc cache-miss
735 silly fetch manifest lru-cache@^5.1.1
736 silly packumentCache full:https://registry.npmjs.org/lru-cache cache-miss
737 silly fetch manifest browserslist@^4.24.0
738 silly packumentCache full:https://registry.npmjs.org/browserslist cache-miss
739 silly fetch manifest @babel/compat-data@^7.27.2
740 silly packumentCache full:https://registry.npmjs.org/@babel%2fcompat-data cache-miss
741 silly fetch manifest @babel/helper-validator-option@^7.27.1
742 silly packumentCache full:https://registry.npmjs.org/@babel%2fhelper-validator-option cache-miss
743 silly fetch manifest @babel/traverse@^7.28.3
744 silly packumentCache full:https://registry.npmjs.org/@babel%2ftraverse cache-miss
745 http fetch GET 200 https://registry.npmjs.org/@babel%2ftraverse 9ms (cache hit)
746 silly packumentCache full:https://registry.npmjs.org/@babel%2ftraverse set size:535703 disposed:false
747 silly fetch manifest @babel/helper-module-imports@^7.27.1
748 silly packumentCache full:https://registry.npmjs.org/@babel%2fhelper-module-imports cache-miss
749 http fetch GET 200 https://registry.npmjs.org/picocolors 58ms (cache miss)
750 silly packumentCache full:https://registry.npmjs.org/picocolors set size:undefined disposed:false
751 silly fetch manifest @babel/helper-validator-identifier@^7.27.1
752 silly packumentCache full:https://registry.npmjs.org/@babel%2fhelper-validator-identifier cache-miss
753 http fetch GET 200 https://registry.npmjs.org/lru-cache 61ms (cache miss)
754 silly packumentCache full:https://registry.npmjs.org/lru-cache set size:undefined disposed:false
755 silly fetch manifest @babel/types@^7.28.4
756 silly packumentCache full:https://registry.npmjs.org/@babel%2ftypes cache-miss
757 http fetch GET 200 https://registry.npmjs.org/js-tokens 70ms (cache miss)
758 silly packumentCache full:https://registry.npmjs.org/js-tokens set size:undefined disposed:false
759 silly fetch manifest @babel/types@^7.27.1
760 silly packumentCache full:https://registry.npmjs.org/@babel%2ftypes cache-miss
761 http fetch GET 200 https://registry.npmjs.org/browserslist 72ms (cache miss)
762 silly packumentCache full:https://registry.npmjs.org/browserslist set size:undefined disposed:false
763 silly fetch manifest @babel/helper-globals@^7.28.0
764 silly packumentCache full:https://registry.npmjs.org/@babel%2fhelper-globals cache-miss
765 http fetch GET 200 https://registry.npmjs.org/jsesc 83ms (cache miss)
766 silly packumentCache full:https://registry.npmjs.org/jsesc set size:undefined disposed:false
767 silly fetch manifest @babel/helper-string-parser@^7.27.1
768 silly packumentCache full:https://registry.npmjs.org/@babel%2fhelper-string-parser cache-miss
769 http fetch GET 200 https://registry.npmjs.org/@babel%2ftypes 20ms (cache hit)
770 silly packumentCache full:https://registry.npmjs.org/@babel%2ftypes set size:475698 disposed:false
771 silly fetch manifest @babel/helper-validator-identifier@^7.28.5
772 silly packumentCache full:https://registry.npmjs.org/@babel%2fhelper-validator-identifier cache-miss
773 http fetch GET 200 https://registry.npmjs.org/@babel%2fcompat-data 88ms (cache miss)
774 silly packumentCache full:https://registry.npmjs.org/@babel%2fcompat-data set size:undefined disposed:false
775 silly fetch manifest @jridgewell/gen-mapping@^0.3.5
776 silly packumentCache full:https://registry.npmjs.org/@jridgewell%2fgen-mapping cache-miss
777 http fetch GET 200 https://registry.npmjs.org/@babel%2fhelper-validator-option 90ms (cache miss)
778 silly packumentCache full:https://registry.npmjs.org/@babel%2fhelper-validator-option set size:undefined disposed:false
779 silly fetch manifest @jridgewell/trace-mapping@^0.3.24
780 silly packumentCache full:https://registry.npmjs.org/@jridgewell%2ftrace-mapping cache-miss
781 http fetch GET 200 https://registry.npmjs.org/@jridgewell%2fgen-mapping 93ms (cache miss)
782 silly packumentCache full:https://registry.npmjs.org/@jridgewell%2fgen-mapping set size:undefined disposed:false
783 http fetch GET 200 https://registry.npmjs.org/@babel%2ftypes 25ms (cache hit)
784 silly packumentCache full:https://registry.npmjs.org/@babel%2ftypes set size:475698 disposed:false
785 silly packumentCache full:https://registry.npmjs.org/@babel%2ftypes dispose
786 http fetch GET 200 https://registry.npmjs.org/@babel%2fhelper-validator-identifier 97ms (cache miss)
787 silly packumentCache full:https://registry.npmjs.org/@babel%2fhelper-validator-identifier set size:undefined disposed:false
788 http fetch GET 200 https://registry.npmjs.org/@jridgewell%2ftrace-mapping 99ms (cache miss)
789 silly packumentCache full:https://registry.npmjs.org/@jridgewell%2ftrace-mapping set size:undefined disposed:false
790 http fetch GET 200 https://registry.npmjs.org/@jridgewell%2fgen-mapping 11ms (cache hit)
791 silly packumentCache full:https://registry.npmjs.org/@jridgewell%2fgen-mapping set size:80719 disposed:false
792 http fetch GET 200 https://registry.npmjs.org/@babel%2fhelper-module-imports 89ms (cache miss)
793 silly packumentCache full:https://registry.npmjs.org/@babel%2fhelper-module-imports set size:undefined disposed:false
794 http fetch GET 200 https://registry.npmjs.org/@babel%2fhelper-validator-identifier 69ms (cache miss)
795 silly packumentCache full:https://registry.npmjs.org/@babel%2fhelper-validator-identifier set size:undefined disposed:false
796 http fetch GET 200 https://registry.npmjs.org/@babel%2fhelper-globals 56ms (cache miss)
797 silly packumentCache full:https://registry.npmjs.org/@babel%2fhelper-globals set size:undefined disposed:false
798 http fetch GET 200 https://registry.npmjs.org/@babel%2fhelper-string-parser 58ms (cache miss)
799 silly packumentCache full:https://registry.npmjs.org/@babel%2fhelper-string-parser set size:undefined disposed:false
800 http fetch GET 200 https://registry.npmjs.org/@babel%2fhelper-validator-identifier 65ms (cache miss)
801 silly packumentCache full:https://registry.npmjs.org/@babel%2fhelper-validator-identifier set size:undefined disposed:false
802 http fetch GET 200 https://registry.npmjs.org/@jridgewell%2ftrace-mapping 63ms (cache miss)
803 silly packumentCache full:https://registry.npmjs.org/@jridgewell%2ftrace-mapping set size:undefined disposed:false
804 silly placeDep ROOT @babel/helper-validator-identifier@7.28.5 OK for: @babel/code-frame@7.27.1 want: ^7.27.1
805 silly placeDep ROOT js-tokens@4.0.0 OK for: @babel/code-frame@7.27.1 want: ^4.0.0
806 silly placeDep ROOT picocolors@1.1.1 OK for: @babel/code-frame@7.27.1 want: ^1.1.1
807 silly placeDep ROOT @jridgewell/gen-mapping@0.3.13 OK for: @babel/generator@7.28.5 want: ^0.3.12
808 silly placeDep ROOT @jridgewell/trace-mapping@0.3.31 OK for: @babel/generator@7.28.5 want: ^0.3.28
809 silly placeDep ROOT jsesc@3.1.0 OK for: @babel/generator@7.28.5 want: ^3.0.2
810 silly fetch manifest @jridgewell/sourcemap-codec@^1.5.0
811 silly packumentCache full:https://registry.npmjs.org/@jridgewell%2fsourcemap-codec cache-miss
812 silly fetch manifest @jridgewell/resolve-uri@^3.1.0
813 silly packumentCache full:https://registry.npmjs.org/@jridgewell%2fresolve-uri cache-miss
814 silly fetch manifest @jridgewell/sourcemap-codec@^1.4.14
815 silly packumentCache full:https://registry.npmjs.org/@jridgewell%2fsourcemap-codec cache-miss
816 http fetch GET 200 https://registry.npmjs.org/@jridgewell%2fsourcemap-codec 64ms (cache miss)
817 silly packumentCache full:https://registry.npmjs.org/@jridgewell%2fsourcemap-codec set size:undefined disposed:false
818 http fetch GET 200 https://registry.npmjs.org/@jridgewell%2fsourcemap-codec 65ms (cache miss)
819 silly packumentCache full:https://registry.npmjs.org/@jridgewell%2fsourcemap-codec set size:undefined disposed:false
820 http fetch GET 200 https://registry.npmjs.org/@jridgewell%2fresolve-uri 68ms (cache miss)
821 silly packumentCache full:https://registry.npmjs.org/@jridgewell%2fresolve-uri set size:undefined disposed:false
822 silly placeDep ROOT @babel/compat-data@7.28.5 OK for: @babel/helper-compilation-targets@7.27.2 want: ^7.27.2
823 silly placeDep ROOT @babel/helper-validator-option@7.27.1 OK for: @babel/helper-compilation-targets@7.27.2 want: ^7.27.1
824 silly placeDep ROOT browserslist@4.28.0 OK for: @babel/helper-compilation-targets@7.27.2 want: ^4.24.0
825 silly placeDep ROOT lru-cache@5.1.1 OK for: @babel/helper-compilation-targets@7.27.2 want: ^5.1.1
826 silly fetch manifest baseline-browser-mapping@^2.8.25
827 silly packumentCache full:https://registry.npmjs.org/baseline-browser-mapping cache-miss
828 silly fetch manifest caniuse-lite@^1.0.30001754
829 silly packumentCache full:https://registry.npmjs.org/caniuse-lite cache-miss
830 silly fetch manifest electron-to-chromium@^1.5.249
831 silly packumentCache full:https://registry.npmjs.org/electron-to-chromium cache-miss
832 silly fetch manifest node-releases@^2.0.27
833 silly packumentCache full:https://registry.npmjs.org/node-releases cache-miss
834 silly fetch manifest update-browserslist-db@^1.1.4
835 silly packumentCache full:https://registry.npmjs.org/update-browserslist-db cache-miss
836 silly fetch manifest yallist@^3.0.2
837 silly packumentCache full:https://registry.npmjs.org/yallist cache-miss
838 http fetch GET 200 https://registry.npmjs.org/yallist 53ms (cache miss)
839 silly packumentCache full:https://registry.npmjs.org/yallist set size:undefined disposed:false
840 http fetch GET 200 https://registry.npmjs.org/update-browserslist-db 55ms (cache miss)
841 silly packumentCache full:https://registry.npmjs.org/update-browserslist-db set size:undefined disposed:false
842 http fetch GET 200 https://registry.npmjs.org/baseline-browser-mapping 61ms (cache miss)
843 silly packumentCache full:https://registry.npmjs.org/baseline-browser-mapping set size:undefined disposed:false
844 http fetch GET 200 https://registry.npmjs.org/node-releases 72ms (cache miss)
845 silly packumentCache full:https://registry.npmjs.org/node-releases set size:undefined disposed:false
846 http fetch GET 200 https://registry.npmjs.org/caniuse-lite 102ms (cache miss)
847 silly packumentCache full:https://registry.npmjs.org/caniuse-lite set size:undefined disposed:false
848 http fetch GET 200 https://registry.npmjs.org/electron-to-chromium 120ms (cache miss)
849 silly packumentCache full:https://registry.npmjs.org/electron-to-chromium set size:undefined disposed:false
850 silly placeDep ROOT @babel/helper-module-imports@7.27.1 OK for: @babel/helper-module-transforms@7.28.3 want: ^7.27.1
851 silly placeDep ROOT @babel/helper-globals@7.28.0 OK for: @babel/traverse@7.28.5 want: ^7.28.0
852 silly placeDep ROOT @babel/helper-string-parser@7.27.1 OK for: @babel/types@7.28.5 want: ^7.27.1
853 silly placeDep ROOT @jridgewell/sourcemap-codec@1.5.5 OK for: @jridgewell/gen-mapping@0.3.13 want: ^1.5.0
854 silly placeDep ROOT @jridgewell/resolve-uri@3.1.2 OK for: @jridgewell/trace-mapping@0.3.31 want: ^3.1.0
855 silly fetch manifest browserslist@>= 4.21.0
856 silly packumentCache full:https://registry.npmjs.org/browserslist cache-miss
857 http fetch GET 200 https://registry.npmjs.org/browserslist 7ms (cache hit)
858 silly packumentCache full:https://registry.npmjs.org/browserslist set size:500962 disposed:false
859 silly placeDep ROOT baseline-browser-mapping@2.8.31 OK for: browserslist@4.28.0 want: ^2.8.25
860 silly placeDep ROOT caniuse-lite@1.0.30001756 OK for: browserslist@4.28.0 want: ^1.0.30001754
861 silly placeDep ROOT electron-to-chromium@1.5.259 OK for: browserslist@4.28.0 want: ^1.5.249
862 silly placeDep ROOT node-releases@2.0.27 OK for: browserslist@4.28.0 want: ^2.0.27
863 silly placeDep ROOT update-browserslist-db@1.1.4 OK for: browserslist@4.28.0 want: ^1.1.4
864 silly fetch manifest escalade@^3.2.0
865 silly packumentCache full:https://registry.npmjs.org/escalade cache-miss
866 http fetch GET 200 https://registry.npmjs.org/escalade 57ms (cache miss)
867 silly packumentCache full:https://registry.npmjs.org/escalade set size:undefined disposed:false
868 silly placeDep ROOT esrecurse@4.3.0 OK for: eslint-scope@8.4.0 want: ^4.3.0
869 silly placeDep ROOT estraverse@5.3.0 OK for: eslint-scope@8.4.0 want: ^5.2.0
870 silly placeDep ROOT acorn@8.15.0 OK for: espree@10.4.0 want: ^8.15.0
871 silly placeDep ROOT acorn-jsx@5.3.2 OK for: espree@10.4.0 want: ^5.3.2
872 silly placeDep ROOT flat-cache@4.0.1 OK for: file-entry-cache@8.0.0 want: ^4.0.0
873 silly fetch manifest keyv@^4.5.4
874 silly packumentCache full:https://registry.npmjs.org/keyv cache-miss
875 silly fetch manifest flatted@^3.2.9
876 silly packumentCache full:https://registry.npmjs.org/flatted cache-miss
877 http fetch GET 200 https://registry.npmjs.org/flatted 52ms (cache miss)
878 silly packumentCache full:https://registry.npmjs.org/flatted set size:undefined disposed:false
879 http fetch GET 200 https://registry.npmjs.org/keyv 56ms (cache miss)
880 silly packumentCache full:https://registry.npmjs.org/keyv set size:undefined disposed:false
881 silly placeDep ROOT locate-path@6.0.0 OK for: find-up@5.0.0 want: ^6.0.0
882 silly placeDep ROOT path-exists@4.0.0 OK for: find-up@5.0.0 want: ^4.0.0
883 silly fetch manifest p-locate@^5.0.0
884 silly packumentCache full:https://registry.npmjs.org/p-locate cache-miss
885 http fetch GET 200 https://registry.npmjs.org/p-locate 47ms (cache miss)
886 silly packumentCache full:https://registry.npmjs.org/p-locate set size:undefined disposed:false
887 silly placeDep ROOT flatted@3.3.3 OK for: flat-cache@4.0.1 want: ^3.2.9
888 silly placeDep ROOT keyv@4.5.4 OK for: flat-cache@4.0.1 want: ^4.5.4
889 silly fetch manifest json-buffer@3.0.1
890 silly packumentCache full:https://registry.npmjs.org/json-buffer cache-miss
891 http fetch GET 200 https://registry.npmjs.org/json-buffer 48ms (cache miss)
892 silly packumentCache full:https://registry.npmjs.org/json-buffer set size:undefined disposed:false
893 silly placeDep ROOT hermes-estree@0.25.1 OK for: hermes-parser@0.25.1 want: 0.25.1
894 silly placeDep ROOT parent-module@1.0.1 OK for: import-fresh@3.3.1 want: ^1.0.0
895 silly placeDep ROOT resolve-from@4.0.0 OK for: import-fresh@3.3.1 want: ^4.0.0
896 silly fetch manifest callsites@^3.0.0
897 silly packumentCache full:https://registry.npmjs.org/callsites cache-miss
898 http fetch GET 200 https://registry.npmjs.org/callsites 49ms (cache miss)
899 silly packumentCache full:https://registry.npmjs.org/callsites set size:undefined disposed:false
900 silly placeDep ROOT is-extglob@2.1.1 OK for: is-glob@4.0.3 want: ^2.1.1
901 silly placeDep ROOT argparse@2.0.1 OK for: js-yaml@4.1.1 want: ^2.0.1
902 silly placeDep ROOT json-buffer@3.0.1 OK for: keyv@4.5.4 want: 3.0.1
903 silly placeDep ROOT prelude-ls@1.2.1 OK for: levn@0.4.1 want: ^1.2.1
904 silly placeDep ROOT type-check@0.4.0 OK for: levn@0.4.1 want: ~0.4.0
905 silly placeDep ROOT p-locate@5.0.0 OK for: locate-path@6.0.0 want: ^5.0.0
906 silly fetch manifest p-limit@^3.0.2
907 silly packumentCache full:https://registry.npmjs.org/p-limit cache-miss
908 http fetch GET 200 https://registry.npmjs.org/p-limit 55ms (cache miss)
909 silly packumentCache full:https://registry.npmjs.org/p-limit set size:undefined disposed:false
910 silly placeDep ROOT yallist@3.1.1 OK for: lru-cache@5.1.1 want: ^3.0.2
911 silly placeDep ROOT brace-expansion@1.1.12 OK for: minimatch@3.1.2 want: ^1.1.7
912 silly fetch manifest balanced-match@^1.0.0
913 silly packumentCache full:https://registry.npmjs.org/balanced-match cache-miss
914 silly fetch manifest concat-map@0.0.1
915 silly packumentCache full:https://registry.npmjs.org/concat-map cache-miss
916 http fetch GET 200 https://registry.npmjs.org/concat-map 52ms (cache miss)
917 silly packumentCache full:https://registry.npmjs.org/concat-map set size:undefined disposed:false
918 http fetch GET 200 https://registry.npmjs.org/balanced-match 52ms (cache miss)
919 silly packumentCache full:https://registry.npmjs.org/balanced-match set size:undefined disposed:false
920 silly placeDep ROOT balanced-match@1.0.2 OK for: brace-expansion@1.1.12 want: ^1.0.0
921 silly placeDep ROOT concat-map@0.0.1 OK for: brace-expansion@1.1.12 want: 0.0.1
922 silly placeDep ROOT deep-is@0.1.4 OK for: optionator@0.9.4 want: ^0.1.3
923 silly placeDep ROOT fast-levenshtein@2.0.6 OK for: optionator@0.9.4 want: ^2.0.6
924 silly placeDep ROOT word-wrap@1.2.5 OK for: optionator@0.9.4 want: ^1.2.5
925 silly placeDep ROOT p-limit@3.1.0 OK for: p-locate@5.0.0 want: ^3.0.2
926 silly fetch manifest yocto-queue@^0.1.0
927 silly packumentCache full:https://registry.npmjs.org/yocto-queue cache-miss
928 http fetch GET 200 https://registry.npmjs.org/yocto-queue 50ms (cache miss)
929 silly packumentCache full:https://registry.npmjs.org/yocto-queue set size:undefined disposed:false
930 silly placeDep ROOT yocto-queue@0.1.0 OK for: p-limit@3.1.0 want: ^0.1.0
931 silly placeDep ROOT callsites@3.1.0 OK for: parent-module@1.0.1 want: ^3.0.0
932 silly placeDep ROOT scheduler@0.27.0 OK for: react-dom@19.2.0 want: ^0.27.0
933 silly placeDep ROOT shebang-regex@3.0.0 OK for: shebang-command@2.0.0 want: ^3.0.0
934 silly placeDep ROOT has-flag@4.0.0 OK for: supports-color@7.2.0 want: ^4.0.0
935 silly placeDep ROOT escalade@3.2.0 OK for: update-browserslist-db@1.1.4 want: ^3.2.0
936 silly placeDep ROOT punycode@2.3.1 OK for: uri-js@4.4.1 want: ^2.1.0
937 silly placeDep ROOT @oxc-project/runtime@0.97.0 OK for: rolldown-vite@7.2.5 want: 0.97.0
938 silly placeDep ROOT fdir@6.5.0 OK for: rolldown-vite@7.2.5 want: ^6.5.0
939 silly placeDep ROOT fsevents@2.3.3 OK for: rolldown-vite@7.2.5 want: ~2.3.3
940 silly placeDep ROOT lightningcss@1.30.2 OK for: rolldown-vite@7.2.5 want: ^1.30.2
941 silly placeDep ROOT picomatch@4.0.3 OK for: rolldown-vite@7.2.5 want: ^4.0.3
942 silly placeDep ROOT postcss@8.5.6 OK for: rolldown-vite@7.2.5 want: ^8.5.6
943 silly placeDep ROOT rolldown@1.0.0-beta.50 OK for: rolldown-vite@7.2.5 want: 1.0.0-beta.50
944 silly placeDep ROOT tinyglobby@0.2.15 OK for: rolldown-vite@7.2.5 want: ^0.2.15
945 silly fetch manifest detect-libc@^2.0.3
946 silly packumentCache full:https://registry.npmjs.org/detect-libc cache-miss
947 silly fetch manifest lightningcss-darwin-x64@1.30.2
948 silly packumentCache full:https://registry.npmjs.org/lightningcss-darwin-x64 cache-miss
949 silly fetch manifest lightningcss-linux-x64-gnu@1.30.2
950 silly packumentCache full:https://registry.npmjs.org/lightningcss-linux-x64-gnu cache-miss
951 silly fetch manifest lightningcss-win32-x64-msvc@1.30.2
952 silly packumentCache full:https://registry.npmjs.org/lightningcss-win32-x64-msvc cache-miss
953 silly fetch manifest lightningcss-win32-arm64-msvc@1.30.2
954 silly packumentCache full:https://registry.npmjs.org/lightningcss-win32-arm64-msvc cache-miss
955 silly fetch manifest lightningcss-darwin-arm64@1.30.2
956 silly packumentCache full:https://registry.npmjs.org/lightningcss-darwin-arm64 cache-miss
957 silly fetch manifest lightningcss-linux-arm64-gnu@1.30.2
958 silly packumentCache full:https://registry.npmjs.org/lightningcss-linux-arm64-gnu cache-miss
959 silly fetch manifest lightningcss-linux-arm-gnueabihf@1.30.2
960 silly packumentCache full:https://registry.npmjs.org/lightningcss-linux-arm-gnueabihf cache-miss
961 silly fetch manifest lightningcss-linux-arm64-musl@1.30.2
962 silly packumentCache full:https://registry.npmjs.org/lightningcss-linux-arm64-musl cache-miss
963 silly fetch manifest lightningcss-linux-x64-musl@1.30.2
964 silly packumentCache full:https://registry.npmjs.org/lightningcss-linux-x64-musl cache-miss
965 silly fetch manifest lightningcss-freebsd-x64@1.30.2
966 silly packumentCache full:https://registry.npmjs.org/lightningcss-freebsd-x64 cache-miss
967 http fetch GET 200 https://registry.npmjs.org/lightningcss-freebsd-x64 65ms (cache miss)
968 silly packumentCache full:https://registry.npmjs.org/lightningcss-freebsd-x64 set size:undefined disposed:false
969 silly fetch manifest lightningcss-android-arm64@1.30.2
970 silly packumentCache full:https://registry.npmjs.org/lightningcss-android-arm64 cache-miss
971 http fetch GET 200 https://registry.npmjs.org/detect-libc 67ms (cache miss)
972 silly packumentCache full:https://registry.npmjs.org/detect-libc set size:undefined disposed:false
973 silly fetch manifest nanoid@^3.3.11
974 silly packumentCache full:https://registry.npmjs.org/nanoid cache-miss
975 http fetch GET 200 https://registry.npmjs.org/lightningcss-linux-x64-gnu 71ms (cache miss)
976 silly packumentCache full:https://registry.npmjs.org/lightningcss-linux-x64-gnu set size:undefined disposed:false
977 silly fetch manifest source-map-js@^1.2.1
978 silly packumentCache full:https://registry.npmjs.org/source-map-js cache-miss
979 http fetch GET 200 https://registry.npmjs.org/lightningcss-linux-arm64-musl 72ms (cache miss)
980 silly packumentCache full:https://registry.npmjs.org/lightningcss-linux-arm64-musl set size:undefined disposed:false
981 silly fetch manifest @oxc-project/types@=0.97.0
982 silly packumentCache full:https://registry.npmjs.org/@oxc-project%2ftypes cache-miss
983 http fetch GET 200 https://registry.npmjs.org/lightningcss-win32-arm64-msvc 75ms (cache miss)
984 silly packumentCache full:https://registry.npmjs.org/lightningcss-win32-arm64-msvc set size:undefined disposed:false
985 silly fetch manifest @rolldown/pluginutils@1.0.0-beta.50
986 silly packumentCache full:https://registry.npmjs.org/@rolldown%2fpluginutils cache-miss
987 http fetch GET 200 https://registry.npmjs.org/lightningcss-linux-x64-musl 75ms (cache miss)
988 silly packumentCache full:https://registry.npmjs.org/lightningcss-linux-x64-musl set size:undefined disposed:false
989 silly fetch manifest @rolldown/binding-darwin-x64@1.0.0-beta.50
990 silly packumentCache full:https://registry.npmjs.org/@rolldown%2fbinding-darwin-x64 cache-miss
991 http fetch GET 200 https://registry.npmjs.org/lightningcss-linux-arm-gnueabihf 76ms (cache miss)
992 silly packumentCache full:https://registry.npmjs.org/lightningcss-linux-arm-gnueabihf set size:undefined disposed:false
993 silly fetch manifest @rolldown/binding-freebsd-x64@1.0.0-beta.50
994 silly packumentCache full:https://registry.npmjs.org/@rolldown%2fbinding-freebsd-x64 cache-miss
995 http fetch GET 200 https://registry.npmjs.org/lightningcss-darwin-arm64 78ms (cache miss)
996 silly packumentCache full:https://registry.npmjs.org/lightningcss-darwin-arm64 set size:undefined disposed:false
997 silly fetch manifest @rolldown/binding-wasm32-wasi@1.0.0-beta.50
998 silly packumentCache full:https://registry.npmjs.org/@rolldown%2fbinding-wasm32-wasi cache-miss
999 http fetch GET 200 https://registry.npmjs.org/lightningcss-win32-x64-msvc 79ms (cache miss)
1000 silly packumentCache full:https://registry.npmjs.org/lightningcss-win32-x64-msvc set size:undefined disposed:false
1001 silly fetch manifest @rolldown/binding-darwin-arm64@1.0.0-beta.50
1002 silly packumentCache full:https://registry.npmjs.org/@rolldown%2fbinding-darwin-arm64 cache-miss
1003 http fetch GET 200 https://registry.npmjs.org/lightningcss-darwin-x64 80ms (cache miss)
1004 silly packumentCache full:https://registry.npmjs.org/lightningcss-darwin-x64 set size:undefined disposed:false
1005 silly fetch manifest @rolldown/binding-android-arm64@1.0.0-beta.50
1006 silly packumentCache full:https://registry.npmjs.org/@rolldown%2fbinding-android-arm64 cache-miss
1007 http fetch GET 200 https://registry.npmjs.org/lightningcss-linux-arm64-gnu 82ms (cache miss)
1008 silly packumentCache full:https://registry.npmjs.org/lightningcss-linux-arm64-gnu set size:undefined disposed:false
1009 silly fetch manifest @rolldown/binding-linux-x64-gnu@1.0.0-beta.50
1010 silly packumentCache full:https://registry.npmjs.org/@rolldown%2fbinding-linux-x64-gnu cache-miss
1011 http fetch GET 200 https://registry.npmjs.org/@rolldown%2fpluginutils 11ms (cache hit)
1012 silly packumentCache full:https://registry.npmjs.org/@rolldown%2fpluginutils set size:224780 disposed:false
1013 silly fetch manifest @rolldown/binding-linux-x64-musl@1.0.0-beta.50
1014 silly packumentCache full:https://registry.npmjs.org/@rolldown%2fbinding-linux-x64-musl cache-miss
1015 http fetch GET 200 https://registry.npmjs.org/lightningcss-android-arm64 53ms (cache miss)
1016 silly packumentCache full:https://registry.npmjs.org/lightningcss-android-arm64 set size:undefined disposed:false
1017 silly fetch manifest @rolldown/binding-win32-x64-msvc@1.0.0-beta.50
1018 silly packumentCache full:https://registry.npmjs.org/@rolldown%2fbinding-win32-x64-msvc cache-miss
1019 http fetch GET 200 https://registry.npmjs.org/source-map-js 50ms (cache miss)
1020 silly packumentCache full:https://registry.npmjs.org/source-map-js set size:undefined disposed:false
1021 silly fetch manifest @rolldown/binding-linux-arm64-gnu@1.0.0-beta.50
1022 silly packumentCache full:https://registry.npmjs.org/@rolldown%2fbinding-linux-arm64-gnu cache-miss
1023 http fetch GET 200 https://registry.npmjs.org/nanoid 59ms (cache miss)
1024 silly packumentCache full:https://registry.npmjs.org/nanoid set size:undefined disposed:false
1025 silly fetch manifest @rolldown/binding-win32-ia32-msvc@1.0.0-beta.50
1026 silly packumentCache full:https://registry.npmjs.org/@rolldown%2fbinding-win32-ia32-msvc cache-miss
1027 http fetch GET 200 https://registry.npmjs.org/@rolldown%2fbinding-android-arm64 101ms (cache miss)
1028 silly packumentCache full:https://registry.npmjs.org/@rolldown%2fbinding-android-arm64 set size:undefined disposed:false
1029 silly fetch manifest @rolldown/binding-linux-arm64-musl@1.0.0-beta.50
1030 silly packumentCache full:https://registry.npmjs.org/@rolldown%2fbinding-linux-arm64-musl cache-miss
1031 http fetch GET 200 https://registry.npmjs.org/@rolldown%2fbinding-wasm32-wasi 128ms (cache miss)
1032 silly packumentCache full:https://registry.npmjs.org/@rolldown%2fbinding-wasm32-wasi set size:undefined disposed:false
1033 silly fetch manifest @rolldown/binding-win32-arm64-msvc@1.0.0-beta.50
1034 silly packumentCache full:https://registry.npmjs.org/@rolldown%2fbinding-win32-arm64-msvc cache-miss
1035 http fetch GET 200 https://registry.npmjs.org/@rolldown%2fbinding-darwin-arm64 135ms (cache miss)
1036 silly packumentCache full:https://registry.npmjs.org/@rolldown%2fbinding-darwin-arm64 set size:undefined disposed:false
1037 silly fetch manifest @rolldown/binding-openharmony-arm64@1.0.0-beta.50
1038 silly packumentCache full:https://registry.npmjs.org/@rolldown%2fbinding-openharmony-arm64 cache-miss
1039 http fetch GET 200 https://registry.npmjs.org/@rolldown%2fbinding-linux-x64-musl 141ms (cache miss)
1040 silly packumentCache full:https://registry.npmjs.org/@rolldown%2fbinding-linux-x64-musl set size:undefined disposed:false
1041 silly fetch manifest @rolldown/binding-linux-arm-gnueabihf@1.0.0-beta.50
1042 silly packumentCache full:https://registry.npmjs.org/@rolldown%2fbinding-linux-arm-gnueabihf cache-miss
1043 http fetch GET 200 https://registry.npmjs.org/@oxc-project%2ftypes 164ms (cache miss)
1044 silly packumentCache full:https://registry.npmjs.org/@oxc-project%2ftypes set size:undefined disposed:false
1045 http fetch GET 200 https://registry.npmjs.org/@rolldown%2fbinding-linux-x64-gnu 164ms (cache miss)
1046 silly packumentCache full:https://registry.npmjs.org/@rolldown%2fbinding-linux-x64-gnu set size:undefined disposed:false
1047 http fetch GET 200 https://registry.npmjs.org/@rolldown%2fbinding-darwin-x64 176ms (cache miss)
1048 silly packumentCache full:https://registry.npmjs.org/@rolldown%2fbinding-darwin-x64 set size:undefined disposed:false
1049 http fetch GET 200 https://registry.npmjs.org/@rolldown%2fbinding-linux-arm64-gnu 148ms (cache miss)
1050 silly packumentCache full:https://registry.npmjs.org/@rolldown%2fbinding-linux-arm64-gnu set size:undefined disposed:false
1051 http fetch GET 200 https://registry.npmjs.org/@rolldown%2fbinding-win32-x64-msvc 157ms (cache miss)
1052 silly packumentCache full:https://registry.npmjs.org/@rolldown%2fbinding-win32-x64-msvc set size:undefined disposed:false
1053 http fetch GET 200 https://registry.npmjs.org/@rolldown%2fbinding-freebsd-x64 224ms (cache miss)
1054 silly packumentCache full:https://registry.npmjs.org/@rolldown%2fbinding-freebsd-x64 set size:undefined disposed:false
1055 http fetch GET 200 https://registry.npmjs.org/@rolldown%2fbinding-linux-arm-gnueabihf 97ms (cache miss)
1056 silly packumentCache full:https://registry.npmjs.org/@rolldown%2fbinding-linux-arm-gnueabihf set size:undefined disposed:false
1057 http fetch GET 200 https://registry.npmjs.org/@rolldown%2fbinding-linux-arm64-musl 166ms (cache miss)
1058 silly packumentCache full:https://registry.npmjs.org/@rolldown%2fbinding-linux-arm64-musl set size:undefined disposed:false
1059 http fetch GET 200 https://registry.npmjs.org/@rolldown%2fbinding-win32-ia32-msvc 225ms (cache miss)
1060 silly packumentCache full:https://registry.npmjs.org/@rolldown%2fbinding-win32-ia32-msvc set size:undefined disposed:false
1061 http fetch GET 200 https://registry.npmjs.org/@rolldown%2fbinding-win32-arm64-msvc 172ms (cache miss)
1062 silly packumentCache full:https://registry.npmjs.org/@rolldown%2fbinding-win32-arm64-msvc set size:undefined disposed:false
1063 http fetch GET 200 https://registry.npmjs.org/@rolldown%2fbinding-openharmony-arm64 168ms (cache miss)
1064 silly packumentCache full:https://registry.npmjs.org/@rolldown%2fbinding-openharmony-arm64 set size:undefined disposed:false
1065 silly placeDep ROOT detect-libc@2.1.2 OK for: lightningcss@1.30.2 want: ^2.0.3
1066 silly placeDep ROOT lightningcss-android-arm64@1.30.2 OK for: lightningcss@1.30.2 want: 1.30.2
1067 silly placeDep ROOT lightningcss-darwin-arm64@1.30.2 OK for: lightningcss@1.30.2 want: 1.30.2
1068 silly placeDep ROOT lightningcss-darwin-x64@1.30.2 OK for: lightningcss@1.30.2 want: 1.30.2
1069 silly placeDep ROOT lightningcss-freebsd-x64@1.30.2 OK for: lightningcss@1.30.2 want: 1.30.2
1070 silly placeDep ROOT lightningcss-linux-arm-gnueabihf@1.30.2 OK for: lightningcss@1.30.2 want: 1.30.2
1071 silly placeDep ROOT lightningcss-linux-arm64-gnu@1.30.2 OK for: lightningcss@1.30.2 want: 1.30.2
1072 silly placeDep ROOT lightningcss-linux-arm64-musl@1.30.2 OK for: lightningcss@1.30.2 want: 1.30.2
1073 silly placeDep ROOT lightningcss-linux-x64-gnu@1.30.2 OK for: lightningcss@1.30.2 want: 1.30.2
1074 silly placeDep ROOT lightningcss-linux-x64-musl@1.30.2 OK for: lightningcss@1.30.2 want: 1.30.2
1075 silly placeDep ROOT lightningcss-win32-arm64-msvc@1.30.2 OK for: lightningcss@1.30.2 want: 1.30.2
1076 silly placeDep ROOT lightningcss-win32-x64-msvc@1.30.2 OK for: lightningcss@1.30.2 want: 1.30.2
1077 silly placeDep ROOT nanoid@3.3.11 OK for: postcss@8.5.6 want: ^3.3.11
1078 silly placeDep ROOT source-map-js@1.2.1 OK for: postcss@8.5.6 want: ^1.2.1
1079 silly placeDep ROOT @oxc-project/types@0.97.0 OK for: rolldown@1.0.0-beta.50 want: =0.97.0
1080 silly placeDep ROOT @rolldown/binding-android-arm64@1.0.0-beta.50 OK for: rolldown@1.0.0-beta.50 want: 1.0.0-beta.50
1081 silly placeDep ROOT @rolldown/binding-darwin-arm64@1.0.0-beta.50 OK for: rolldown@1.0.0-beta.50 want: 1.0.0-beta.50
1082 silly placeDep ROOT @rolldown/binding-darwin-x64@1.0.0-beta.50 OK for: rolldown@1.0.0-beta.50 want: 1.0.0-beta.50
1083 silly placeDep ROOT @rolldown/binding-freebsd-x64@1.0.0-beta.50 OK for: rolldown@1.0.0-beta.50 want: 1.0.0-beta.50
1084 silly placeDep ROOT @rolldown/binding-linux-arm-gnueabihf@1.0.0-beta.50 OK for: rolldown@1.0.0-beta.50 want: 1.0.0-beta.50
1085 silly placeDep ROOT @rolldown/binding-linux-arm64-gnu@1.0.0-beta.50 OK for: rolldown@1.0.0-beta.50 want: 1.0.0-beta.50
1086 silly placeDep ROOT @rolldown/binding-linux-arm64-musl@1.0.0-beta.50 OK for: rolldown@1.0.0-beta.50 want: 1.0.0-beta.50
1087 silly placeDep ROOT @rolldown/binding-linux-x64-gnu@1.0.0-beta.50 OK for: rolldown@1.0.0-beta.50 want: 1.0.0-beta.50
1088 silly placeDep ROOT @rolldown/binding-linux-x64-musl@1.0.0-beta.50 OK for: rolldown@1.0.0-beta.50 want: 1.0.0-beta.50
1089 silly placeDep ROOT @rolldown/binding-openharmony-arm64@1.0.0-beta.50 OK for: rolldown@1.0.0-beta.50 want: 1.0.0-beta.50
1090 silly placeDep ROOT @rolldown/binding-wasm32-wasi@1.0.0-beta.50 OK for: rolldown@1.0.0-beta.50 want: 1.0.0-beta.50
1091 silly placeDep ROOT @rolldown/binding-win32-arm64-msvc@1.0.0-beta.50 OK for: rolldown@1.0.0-beta.50 want: 1.0.0-beta.50
1092 silly placeDep ROOT @rolldown/binding-win32-ia32-msvc@1.0.0-beta.50 OK for: rolldown@1.0.0-beta.50 want: 1.0.0-beta.50
1093 silly placeDep ROOT @rolldown/binding-win32-x64-msvc@1.0.0-beta.50 OK for: rolldown@1.0.0-beta.50 want: 1.0.0-beta.50
1094 silly placeDep node_modules/rolldown @rolldown/pluginutils@1.0.0-beta.50 OK for: rolldown@1.0.0-beta.50 want: 1.0.0-beta.50
1095 silly fetch manifest @napi-rs/wasm-runtime@^1.0.7
1096 silly packumentCache full:https://registry.npmjs.org/@napi-rs%2fwasm-runtime cache-miss
1097 http fetch GET 200 https://registry.npmjs.org/@napi-rs%2fwasm-runtime 75ms (cache miss)
1098 silly packumentCache full:https://registry.npmjs.org/@napi-rs%2fwasm-runtime set size:undefined disposed:false
1099 silly placeDep ROOT @napi-rs/wasm-runtime@1.0.7 OK for: @rolldown/binding-wasm32-wasi@1.0.0-beta.50 want: ^1.0.7
1100 silly fetch manifest @emnapi/core@^1.5.0
1101 silly packumentCache full:https://registry.npmjs.org/@emnapi%2fcore cache-miss
1102 silly fetch manifest @emnapi/runtime@^1.5.0
1103 silly packumentCache full:https://registry.npmjs.org/@emnapi%2fruntime cache-miss
1104 silly fetch manifest @tybys/wasm-util@^0.10.1
1105 silly packumentCache full:https://registry.npmjs.org/@tybys%2fwasm-util cache-miss
1106 http fetch GET 200 https://registry.npmjs.org/@emnapi%2fruntime 67ms (cache miss)
1107 silly packumentCache full:https://registry.npmjs.org/@emnapi%2fruntime set size:undefined disposed:false
1108 http fetch GET 200 https://registry.npmjs.org/@emnapi%2fcore 68ms (cache miss)
1109 silly packumentCache full:https://registry.npmjs.org/@emnapi%2fcore set size:undefined disposed:false
1110 http fetch GET 200 https://registry.npmjs.org/@tybys%2fwasm-util 69ms (cache miss)
1111 silly packumentCache full:https://registry.npmjs.org/@tybys%2fwasm-util set size:undefined disposed:false
1112 silly placeDep ROOT @emnapi/core@1.7.1 OK for: @napi-rs/wasm-runtime@1.0.7 want: ^1.5.0
1113 silly placeDep ROOT @emnapi/runtime@1.7.1 OK for: @napi-rs/wasm-runtime@1.0.7 want: ^1.5.0
1114 silly placeDep ROOT @tybys/wasm-util@0.10.1 OK for: @napi-rs/wasm-runtime@1.0.7 want: ^0.10.1
1115 silly fetch manifest @emnapi/wasi-threads@1.1.0
1116 silly packumentCache full:https://registry.npmjs.org/@emnapi%2fwasi-threads cache-miss
1117 silly fetch manifest tslib@^2.4.0
1118 silly packumentCache full:https://registry.npmjs.org/tslib cache-miss
1119 silly fetch manifest tslib@^2.4.0
1120 silly packumentCache full:https://registry.npmjs.org/tslib cache-miss
1121 silly fetch manifest tslib@^2.4.0
1122 silly packumentCache full:https://registry.npmjs.org/tslib cache-miss
1123 http fetch GET 200 https://registry.npmjs.org/tslib 50ms (cache miss)
1124 silly packumentCache full:https://registry.npmjs.org/tslib set size:undefined disposed:false
1125 http fetch GET 200 https://registry.npmjs.org/tslib 52ms (cache miss)
1126 silly packumentCache full:https://registry.npmjs.org/tslib set size:undefined disposed:false
1127 http fetch GET 200 https://registry.npmjs.org/tslib 53ms (cache miss)
1128 silly packumentCache full:https://registry.npmjs.org/tslib set size:undefined disposed:false
1129 http fetch GET 200 https://registry.npmjs.org/@emnapi%2fwasi-threads 74ms (cache miss)
1130 silly packumentCache full:https://registry.npmjs.org/@emnapi%2fwasi-threads set size:undefined disposed:false
1131 silly placeDep ROOT @emnapi/wasi-threads@1.1.0 OK for: @emnapi/core@1.7.1 want: 1.1.0
1132 silly placeDep ROOT tslib@2.8.1 OK for: @emnapi/core@1.7.1 want: ^2.4.0
1133 silly placeDep ROOT isexe@2.0.0 OK for: which@2.0.2 want: ^2.0.0
1134 silly reify moves {}
1135 silly audit bulk request {
1135 silly audit   '@eslint/js': [ '9.39.1' ],
1135 silly audit   '@types/react': [ '19.2.6' ],
1135 silly audit   '@types/react-dom': [ '19.2.3' ],
1135 silly audit   '@vitejs/plugin-react-swc': [ '4.2.2' ],
1135 silly audit   'rolldown-vite': [ '7.2.5' ],
1135 silly audit   eslint: [ '9.39.1' ],
1135 silly audit   'eslint-plugin-react-hooks': [ '7.0.1' ],
1135 silly audit   'eslint-plugin-react-refresh': [ '0.4.24' ],
1135 silly audit   globals: [ '16.5.0', '14.0.0' ],
1135 silly audit   react: [ '19.2.0' ],
1135 silly audit   'react-dom': [ '19.2.0' ],
1135 silly audit   csstype: [ '3.2.3' ],
1135 silly audit   '@rolldown/pluginutils': [ '1.0.0-beta.47', '1.0.0-beta.50' ],
1135 silly audit   '@swc/core': [ '1.15.3' ],
1135 silly audit   '@swc/core-darwin-arm64': [ '1.15.3' ],
1135 silly audit   '@swc/core-darwin-x64': [ '1.15.3' ],
1135 silly audit   '@swc/core-linux-arm-gnueabihf': [ '1.15.3' ],
1135 silly audit   '@swc/core-linux-arm64-gnu': [ '1.15.3' ],
1135 silly audit   '@swc/core-linux-arm64-musl': [ '1.15.3' ],
1135 silly audit   '@swc/core-linux-x64-gnu': [ '1.15.3' ],
1135 silly audit   '@swc/core-linux-x64-musl': [ '1.15.3' ],
1135 silly audit   '@swc/core-win32-arm64-msvc': [ '1.15.3' ],
1135 silly audit   '@swc/core-win32-ia32-msvc': [ '1.15.3' ],
1135 silly audit   '@swc/core-win32-x64-msvc': [ '1.15.3' ],
1135 silly audit   '@swc/counter': [ '0.1.3' ],
1135 silly audit   '@swc/types': [ '0.1.25' ],
1135 silly audit   '@eslint-community/eslint-utils': [ '4.9.0' ],
1135 silly audit   '@eslint-community/regexpp': [ '4.12.2' ],
1135 silly audit   '@eslint/config-array': [ '0.21.1' ],
1135 silly audit   '@eslint/config-helpers': [ '0.4.2' ],
1135 silly audit   '@eslint/core': [ '0.17.0' ],
1135 silly audit   '@eslint/eslintrc': [ '3.3.1' ],
1135 silly audit   '@eslint/plugin-kit': [ '0.4.1' ],
1135 silly audit   '@humanfs/node': [ '0.16.7' ],
1135 silly audit   '@humanwhocodes/module-importer': [ '1.0.1' ],
1135 silly audit   '@humanwhocodes/retry': [ '0.4.3' ],
1135 silly audit   '@types/estree': [ '1.0.8' ],
1135 silly audit   ajv: [ '6.12.6' ],
1135 silly audit   chalk: [ '4.1.2' ],
1135 silly audit   'cross-spawn': [ '7.0.6' ],
1135 silly audit   debug: [ '4.4.3' ],
1135 silly audit   'escape-string-regexp': [ '4.0.0' ],
1135 silly audit   'eslint-scope': [ '8.4.0' ],
1135 silly audit   'eslint-visitor-keys': [ '4.2.1', '3.4.3' ],
1135 silly audit   espree: [ '10.4.0' ],
1135 silly audit   esquery: [ '1.6.0' ],
1135 silly audit   esutils: [ '2.0.3' ],
1135 silly audit   'fast-deep-equal': [ '3.1.3' ],
1135 silly audit   'file-entry-cache': [ '8.0.0' ],
1135 silly audit   'find-up': [ '5.0.0' ],
1135 silly audit   'glob-parent': [ '6.0.2' ],
1135 silly audit   ignore: [ '5.3.2' ],
1135 silly audit   imurmurhash: [ '0.1.4' ],
1135 silly audit   'is-glob': [ '4.0.3' ],
1135 silly audit   'json-stable-stringify-without-jsonify': [ '1.0.1' ],
1135 silly audit   'lodash.merge': [ '4.6.2' ],
1135 silly audit   minimatch: [ '3.1.2' ],
1135 silly audit   'natural-compare': [ '1.4.0' ],
1135 silly audit   optionator: [ '0.9.4' ],
1135 silly audit   '@eslint/object-schema': [ '2.1.7' ],
1135 silly audit   '@types/json-schema': [ '7.0.15' ],
1135 silly audit   'import-fresh': [ '3.3.1' ],
1135 silly audit   'js-yaml': [ '4.1.1' ],
1135 silly audit   'strip-json-comments': [ '3.1.1' ],
1135 silly audit   levn: [ '0.4.1' ],
1135 silly audit   '@humanfs/core': [ '0.19.1' ],
1135 silly audit   'fast-json-stable-stringify': [ '2.1.0' ],
1135 silly audit   'json-schema-traverse': [ '0.4.1' ],
1135 silly audit   'uri-js': [ '4.4.1' ],
1135 silly audit   'ansi-styles': [ '4.3.0' ],
1135 silly audit   'supports-color': [ '7.2.0' ],
1135 silly audit   'color-convert': [ '2.0.1' ],
1135 silly audit   'color-name': [ '1.1.4' ],
1135 silly audit   'path-key': [ '3.1.1' ],
1135 silly audit   'shebang-command': [ '2.0.0' ],
1135 silly audit   which: [ '2.0.2' ],
1135 silly audit   ms: [ '2.1.3' ],
1135 silly audit   '@babel/core': [ '7.28.5' ],
1135 silly audit   '@babel/parser': [ '7.28.5' ],
1135 silly audit   'hermes-parser': [ '0.25.1' ],
1135 silly audit   zod: [ '4.1.12' ],
1135 silly audit   'zod-validation-error': [ '4.0.2' ],
1135 silly audit   '@babel/code-frame': [ '7.27.1' ],
1135 silly audit   '@babel/generator': [ '7.28.5' ],
1135 silly audit   '@babel/helper-compilation-targets': [ '7.27.2' ],
1135 silly audit   '@babel/helper-module-transforms': [ '7.28.3' ],
1135 silly audit   '@babel/helpers': [ '7.28.4' ],
1135 silly audit   '@babel/template': [ '7.27.2' ],
1135 silly audit   '@babel/traverse': [ '7.28.5' ],
1135 silly audit   '@babel/types': [ '7.28.5' ],
1135 silly audit   '@jridgewell/remapping': [ '2.3.5' ],
1135 silly audit   'convert-source-map': [ '2.0.0' ],
1135 silly audit   gensync: [ '1.0.0-beta.2' ],
1135 silly audit   json5: [ '2.2.3' ],
1135 silly audit   semver: [ '6.3.1' ],
1135 silly audit   '@babel/helper-validator-identifier': [ '7.28.5' ],
1135 silly audit   'js-tokens': [ '4.0.0' ],
1135 silly audit   picocolors: [ '1.1.1' ],
1135 silly audit   '@jridgewell/gen-mapping': [ '0.3.13' ],
1135 silly audit   '@jridgewell/trace-mapping': [ '0.3.31' ],
1135 silly audit   jsesc: [ '3.1.0' ],
1135 silly audit   '@babel/compat-data': [ '7.28.5' ],
1135 silly audit   '@babel/helper-validator-option': [ '7.27.1' ],
1135 silly audit   browserslist: [ '4.28.0' ],
1135 silly audit   'lru-cache': [ '5.1.1' ],
1135 silly audit   '@babel/helper-module-imports': [ '7.27.1' ],
1135 silly audit   '@babel/helper-globals': [ '7.28.0' ],
1135 silly audit   '@babel/helper-string-parser': [ '7.27.1' ],
1135 silly audit   '@jridgewell/sourcemap-codec': [ '1.5.5' ],
1135 silly audit   '@jridgewell/resolve-uri': [ '3.1.2' ],
1135 silly audit   'baseline-browser-mapping': [ '2.8.31' ],
1135 silly audit   'caniuse-lite': [ '1.0.30001756' ],
1135 silly audit   'electron-to-chromium': [ '1.5.259' ],
1135 silly audit   'node-releases': [ '2.0.27' ],
1135 silly audit   'update-browserslist-db': [ '1.1.4' ],
1135 silly audit   esrecurse: [ '4.3.0' ],
1135 silly audit   estraverse: [ '5.3.0' ],
1135 silly audit   acorn: [ '8.15.0' ],
1135 silly audit   'acorn-jsx': [ '5.3.2' ],
1135 silly audit   'flat-cache': [ '4.0.1' ],
1135 silly audit   'locate-path': [ '6.0.0' ],
1135 silly audit   'path-exists': [ '4.0.0' ],
1135 silly audit   flatted: [ '3.3.3' ],
1135 silly audit   keyv: [ '4.5.4' ],
1135 silly audit   'hermes-estree': [ '0.25.1' ],
1135 silly audit   'parent-module': [ '1.0.1' ],
1135 silly audit   'resolve-from': [ '4.0.0' ],
1135 silly audit   'is-extglob': [ '2.1.1' ],
1135 silly audit   argparse: [ '2.0.1' ],
1135 silly audit   'json-buffer': [ '3.0.1' ],
1135 silly audit   'prelude-ls': [ '1.2.1' ],
1135 silly audit   'type-check': [ '0.4.0' ],
1135 silly audit   'p-locate': [ '5.0.0' ],
1135 silly audit   yallist: [ '3.1.1' ],
1135 silly audit   'brace-expansion': [ '1.1.12' ],
1135 silly audit   'balanced-match': [ '1.0.2' ],
1135 silly audit   'concat-map': [ '0.0.1' ],
1135 silly audit   'deep-is': [ '0.1.4' ],
1135 silly audit   'fast-levenshtein': [ '2.0.6' ],
1135 silly audit   'word-wrap': [ '1.2.5' ],
1135 silly audit   'p-limit': [ '3.1.0' ],
1135 silly audit   'yocto-queue': [ '0.1.0' ],
1135 silly audit   callsites: [ '3.1.0' ],
1135 silly audit   scheduler: [ '0.27.0' ],
1135 silly audit   'shebang-regex': [ '3.0.0' ],
1135 silly audit   'has-flag': [ '4.0.0' ],
1135 silly audit   escalade: [ '3.2.0' ],
1135 silly audit   punycode: [ '2.3.1' ],
1135 silly audit   '@oxc-project/runtime': [ '0.97.0' ],
1135 silly audit   fdir: [ '6.5.0' ],
1135 silly audit   fsevents: [ '2.3.3' ],
1135 silly audit   lightningcss: [ '1.30.2' ],
1135 silly audit   picomatch: [ '4.0.3' ],
1135 silly audit   postcss: [ '8.5.6' ],
1135 silly audit   rolldown: [ '1.0.0-beta.50' ],
1135 silly audit   tinyglobby: [ '0.2.15' ],
1135 silly audit   'detect-libc': [ '2.1.2' ],
1135 silly audit   'lightningcss-android-arm64': [ '1.30.2' ],
1135 silly audit   'lightningcss-darwin-arm64': [ '1.30.2' ],
1135 silly audit   'lightningcss-darwin-x64': [ '1.30.2' ],
1135 silly audit   'lightningcss-freebsd-x64': [ '1.30.2' ],
1135 silly audit   'lightningcss-linux-arm-gnueabihf': [ '1.30.2' ],
1135 silly audit   'lightningcss-linux-arm64-gnu': [ '1.30.2' ],
1135 silly audit   'lightningcss-linux-arm64-musl': [ '1.30.2' ],
1135 silly audit   'lightningcss-linux-x64-gnu': [ '1.30.2' ],
1135 silly audit   'lightningcss-linux-x64-musl': [ '1.30.2' ],
1135 silly audit   'lightningcss-win32-arm64-msvc': [ '1.30.2' ],
1135 silly audit   'lightningcss-win32-x64-msvc': [ '1.30.2' ],
1135 silly audit   nanoid: [ '3.3.11' ],
1135 silly audit   'source-map-js': [ '1.2.1' ],
1135 silly audit   '@oxc-project/types': [ '0.97.0' ],
1135 silly audit   '@rolldown/binding-android-arm64': [ '1.0.0-beta.50' ],
1135 silly audit   '@rolldown/binding-darwin-arm64': [ '1.0.0-beta.50' ],
1135 silly audit   '@rolldown/binding-darwin-x64': [ '1.0.0-beta.50' ],
1135 silly audit   '@rolldown/binding-freebsd-x64': [ '1.0.0-beta.50' ],
1135 silly audit   '@rolldown/binding-linux-arm-gnueabihf': [ '1.0.0-beta.50' ],
1135 silly audit   '@rolldown/binding-linux-arm64-gnu': [ '1.0.0-beta.50' ],
1135 silly audit   '@rolldown/binding-linux-arm64-musl': [ '1.0.0-beta.50' ],
1135 silly audit   '@rolldown/binding-linux-x64-gnu': [ '1.0.0-beta.50' ],
1135 silly audit   '@rolldown/binding-linux-x64-musl': [ '1.0.0-beta.50' ],
1135 silly audit   '@rolldown/binding-openharmony-arm64': [ '1.0.0-beta.50' ],
1135 silly audit   '@rolldown/binding-wasm32-wasi': [ '1.0.0-beta.50' ],
1135 silly audit   '@rolldown/binding-win32-arm64-msvc': [ '1.0.0-beta.50' ],
1135 silly audit   '@rolldown/binding-win32-ia32-msvc': [ '1.0.0-beta.50' ],
1135 silly audit   '@rolldown/binding-win32-x64-msvc': [ '1.0.0-beta.50' ],
1135 silly audit   '@napi-rs/wasm-runtime': [ '1.0.7' ],
1135 silly audit   '@emnapi/core': [ '1.7.1' ],
1135 silly audit   '@emnapi/runtime': [ '1.7.1' ],
1135 silly audit   '@tybys/wasm-util': [ '0.10.1' ],
1135 silly audit   '@emnapi/wasi-threads': [ '1.1.0' ],
1135 silly audit   tslib: [ '2.8.1' ],
1135 silly audit   isexe: [ '2.0.0' ]
1135 silly audit }
1136 verbose reify failed optional dependency C:\GitHub\TECHNOPULSE\vite-progect\node_modules\@rolldown\binding-win32-ia32-msvc
1137 silly reify mark deleted [
1137 silly reify   'C:\\GitHub\\TECHNOPULSE\\vite-progect\\node_modules\\@rolldown\\binding-win32-ia32-msvc'
1137 silly reify ]
1138 verbose reify failed optional dependency C:\GitHub\TECHNOPULSE\vite-progect\node_modules\@rolldown\binding-win32-arm64-msvc
1139 silly reify mark deleted [
1139 silly reify   'C:\\GitHub\\TECHNOPULSE\\vite-progect\\node_modules\\@rolldown\\binding-win32-arm64-msvc'
1139 silly reify ]
1140 verbose reify failed optional dependency C:\GitHub\TECHNOPULSE\vite-progect\node_modules\@rolldown\binding-wasm32-wasi
1141 silly reify mark deleted [
1141 silly reify   'C:\\GitHub\\TECHNOPULSE\\vite-progect\\node_modules\\@rolldown\\binding-wasm32-wasi'
1141 silly reify ]
1142 verbose reify failed optional dependency C:\GitHub\TECHNOPULSE\vite-progect\node_modules\@napi-rs\wasm-runtime
1143 silly reify mark deleted [
1143 silly reify   'C:\\GitHub\\TECHNOPULSE\\vite-progect\\node_modules\\@napi-rs\\wasm-runtime'
1143 silly reify ]
1144 verbose reify failed optional dependency C:\GitHub\TECHNOPULSE\vite-progect\node_modules\@emnapi\core
1145 silly reify mark deleted [
1145 silly reify   'C:\\GitHub\\TECHNOPULSE\\vite-progect\\node_modules\\@emnapi\\core'
1145 silly reify ]
1146 verbose reify failed optional dependency C:\GitHub\TECHNOPULSE\vite-progect\node_modules\@emnapi\runtime
1147 silly reify mark deleted [
1147 silly reify   'C:\\GitHub\\TECHNOPULSE\\vite-progect\\node_modules\\@emnapi\\runtime'
1147 silly reify ]
1148 verbose reify failed optional dependency C:\GitHub\TECHNOPULSE\vite-progect\node_modules\@tybys\wasm-util
1149 silly reify mark deleted [
1149 silly reify   'C:\\GitHub\\TECHNOPULSE\\vite-progect\\node_modules\\@tybys\\wasm-util'
1149 silly reify ]
1150 verbose reify failed optional dependency C:\GitHub\TECHNOPULSE\vite-progect\node_modules\@emnapi\wasi-threads
1151 silly reify mark deleted [
1151 silly reify   'C:\\GitHub\\TECHNOPULSE\\vite-progect\\node_modules\\@emnapi\\wasi-threads'
1151 silly reify ]
1152 verbose reify failed optional dependency C:\GitHub\TECHNOPULSE\vite-progect\node_modules\tslib
1153 silly reify mark deleted [ 'C:\\GitHub\\TECHNOPULSE\\vite-progect\\node_modules\\tslib' ]
1154 verbose reify failed optional dependency C:\GitHub\TECHNOPULSE\vite-progect\node_modules\@rolldown\binding-openharmony-arm64
1155 silly reify mark deleted [
1155 silly reify   'C:\\GitHub\\TECHNOPULSE\\vite-progect\\node_modules\\@rolldown\\binding-openharmony-arm64'
1155 silly reify ]
1156 verbose reify failed optional dependency C:\GitHub\TECHNOPULSE\vite-progect\node_modules\@rolldown\binding-linux-x64-musl
1157 silly reify mark deleted [
1157 silly reify   'C:\\GitHub\\TECHNOPULSE\\vite-progect\\node_modules\\@rolldown\\binding-linux-x64-musl'
1157 silly reify ]
1158 verbose reify failed optional dependency C:\GitHub\TECHNOPULSE\vite-progect\node_modules\@rolldown\binding-linux-x64-gnu
1159 silly reify mark deleted [
1159 silly reify   'C:\\GitHub\\TECHNOPULSE\\vite-progect\\node_modules\\@rolldown\\binding-linux-x64-gnu'
1159 silly reify ]
1160 verbose reify failed optional dependency C:\GitHub\TECHNOPULSE\vite-progect\node_modules\@rolldown\binding-linux-arm64-musl
1161 silly reify mark deleted [
1161 silly reify   'C:\\GitHub\\TECHNOPULSE\\vite-progect\\node_modules\\@rolldown\\binding-linux-arm64-musl'
1161 silly reify ]
1162 verbose reify failed optional dependency C:\GitHub\TECHNOPULSE\vite-progect\node_modules\@rolldown\binding-linux-arm64-gnu
1163 silly reify mark deleted [
1163 silly reify   'C:\\GitHub\\TECHNOPULSE\\vite-progect\\node_modules\\@rolldown\\binding-linux-arm64-gnu'
1163 silly reify ]
1164 verbose reify failed optional dependency C:\GitHub\TECHNOPULSE\vite-progect\node_modules\@rolldown\binding-linux-arm-gnueabihf
1165 silly reify mark deleted [
1165 silly reify   'C:\\GitHub\\TECHNOPULSE\\vite-progect\\node_modules\\@rolldown\\binding-linux-arm-gnueabihf'
1165 silly reify ]
1166 verbose reify failed optional dependency C:\GitHub\TECHNOPULSE\vite-progect\node_modules\@rolldown\binding-freebsd-x64
1167 silly reify mark deleted [
1167 silly reify   'C:\\GitHub\\TECHNOPULSE\\vite-progect\\node_modules\\@rolldown\\binding-freebsd-x64'
1167 silly reify ]
1168 verbose reify failed optional dependency C:\GitHub\TECHNOPULSE\vite-progect\node_modules\@rolldown\binding-darwin-x64
1169 silly reify mark deleted [
1169 silly reify   'C:\\GitHub\\TECHNOPULSE\\vite-progect\\node_modules\\@rolldown\\binding-darwin-x64'
1169 silly reify ]
1170 verbose reify failed optional dependency C:\GitHub\TECHNOPULSE\vite-progect\node_modules\@rolldown\binding-darwin-arm64
1171 silly reify mark deleted [
1171 silly reify   'C:\\GitHub\\TECHNOPULSE\\vite-progect\\node_modules\\@rolldown\\binding-darwin-arm64'
1171 silly reify ]
1172 verbose reify failed optional dependency C:\GitHub\TECHNOPULSE\vite-progect\node_modules\@rolldown\binding-android-arm64
1173 silly reify mark deleted [
1173 silly reify   'C:\\GitHub\\TECHNOPULSE\\vite-progect\\node_modules\\@rolldown\\binding-android-arm64'
1173 silly reify ]
1174 verbose reify failed optional dependency C:\GitHub\TECHNOPULSE\vite-progect\node_modules\lightningcss-win32-arm64-msvc
1175 silly reify mark deleted [
1175 silly reify   'C:\\GitHub\\TECHNOPULSE\\vite-progect\\node_modules\\lightningcss-win32-arm64-msvc'
1175 silly reify ]
1176 verbose reify failed optional dependency C:\GitHub\TECHNOPULSE\vite-progect\node_modules\lightningcss-linux-x64-musl
1177 silly reify mark deleted [
1177 silly reify   'C:\\GitHub\\TECHNOPULSE\\vite-progect\\node_modules\\lightningcss-linux-x64-musl'
1177 silly reify ]
1178 verbose reify failed optional dependency C:\GitHub\TECHNOPULSE\vite-progect\node_modules\lightningcss-linux-x64-gnu
1179 silly reify mark deleted [
1179 silly reify   'C:\\GitHub\\TECHNOPULSE\\vite-progect\\node_modules\\lightningcss-linux-x64-gnu'
1179 silly reify ]
1180 verbose reify failed optional dependency C:\GitHub\TECHNOPULSE\vite-progect\node_modules\lightningcss-linux-arm64-musl
1181 silly reify mark deleted [
1181 silly reify   'C:\\GitHub\\TECHNOPULSE\\vite-progect\\node_modules\\lightningcss-linux-arm64-musl'
1181 silly reify ]
1182 verbose reify failed optional dependency C:\GitHub\TECHNOPULSE\vite-progect\node_modules\lightningcss-linux-arm64-gnu
1183 silly reify mark deleted [
1183 silly reify   'C:\\GitHub\\TECHNOPULSE\\vite-progect\\node_modules\\lightningcss-linux-arm64-gnu'
1183 silly reify ]
1184 verbose reify failed optional dependency C:\GitHub\TECHNOPULSE\vite-progect\node_modules\lightningcss-linux-arm-gnueabihf
1185 silly reify mark deleted [
1185 silly reify   'C:\\GitHub\\TECHNOPULSE\\vite-progect\\node_modules\\lightningcss-linux-arm-gnueabihf'
1185 silly reify ]
1186 verbose reify failed optional dependency C:\GitHub\TECHNOPULSE\vite-progect\node_modules\lightningcss-freebsd-x64
1187 silly reify mark deleted [
1187 silly reify   'C:\\GitHub\\TECHNOPULSE\\vite-progect\\node_modules\\lightningcss-freebsd-x64'
1187 silly reify ]
1188 verbose reify failed optional dependency C:\GitHub\TECHNOPULSE\vite-progect\node_modules\lightningcss-darwin-x64
1189 silly reify mark deleted [
1189 silly reify   'C:\\GitHub\\TECHNOPULSE\\vite-progect\\node_modules\\lightningcss-darwin-x64'
1189 silly reify ]
1190 verbose reify failed optional dependency C:\GitHub\TECHNOPULSE\vite-progect\node_modules\lightningcss-darwin-arm64
1191 silly reify mark deleted [
1191 silly reify   'C:\\GitHub\\TECHNOPULSE\\vite-progect\\node_modules\\lightningcss-darwin-arm64'
1191 silly reify ]
1192 verbose reify failed optional dependency C:\GitHub\TECHNOPULSE\vite-progect\node_modules\lightningcss-android-arm64
1193 silly reify mark deleted [
1193 silly reify   'C:\\GitHub\\TECHNOPULSE\\vite-progect\\node_modules\\lightningcss-android-arm64'
1193 silly reify ]
1194 verbose reify failed optional dependency C:\GitHub\TECHNOPULSE\vite-progect\node_modules\fsevents
1195 silly reify mark deleted [ 'C:\\GitHub\\TECHNOPULSE\\vite-progect\\node_modules\\fsevents' ]
1196 verbose reify failed optional dependency C:\GitHub\TECHNOPULSE\vite-progect\node_modules\@swc\core-win32-ia32-msvc
1197 silly reify mark deleted [
1197 silly reify   'C:\\GitHub\\TECHNOPULSE\\vite-progect\\node_modules\\@swc\\core-win32-ia32-msvc'
1197 silly reify ]
1198 verbose reify failed optional dependency C:\GitHub\TECHNOPULSE\vite-progect\node_modules\@swc\core-win32-arm64-msvc
1199 silly reify mark deleted [
1199 silly reify   'C:\\GitHub\\TECHNOPULSE\\vite-progect\\node_modules\\@swc\\core-win32-arm64-msvc'
1199 silly reify ]
1200 verbose reify failed optional dependency C:\GitHub\TECHNOPULSE\vite-progect\node_modules\@swc\core-linux-x64-musl
1201 silly reify mark deleted [
1201 silly reify   'C:\\GitHub\\TECHNOPULSE\\vite-progect\\node_modules\\@swc\\core-linux-x64-musl'
1201 silly reify ]
1202 verbose reify failed optional dependency C:\GitHub\TECHNOPULSE\vite-progect\node_modules\@swc\core-linux-x64-gnu
1203 silly reify mark deleted [
1203 silly reify   'C:\\GitHub\\TECHNOPULSE\\vite-progect\\node_modules\\@swc\\core-linux-x64-gnu'
1203 silly reify ]
1204 verbose reify failed optional dependency C:\GitHub\TECHNOPULSE\vite-progect\node_modules\@swc\core-linux-arm64-musl
1205 silly reify mark deleted [
1205 silly reify   'C:\\GitHub\\TECHNOPULSE\\vite-progect\\node_modules\\@swc\\core-linux-arm64-musl'
1205 silly reify ]
1206 verbose reify failed optional dependency C:\GitHub\TECHNOPULSE\vite-progect\node_modules\@swc\core-linux-arm64-gnu
1207 silly reify mark deleted [
1207 silly reify   'C:\\GitHub\\TECHNOPULSE\\vite-progect\\node_modules\\@swc\\core-linux-arm64-gnu'
1207 silly reify ]
1208 verbose reify failed optional dependency C:\GitHub\TECHNOPULSE\vite-progect\node_modules\@swc\core-linux-arm-gnueabihf
1209 silly reify mark deleted [
1209 silly reify   'C:\\GitHub\\TECHNOPULSE\\vite-progect\\node_modules\\@swc\\core-linux-arm-gnueabihf'
1209 silly reify ]
1210 verbose reify failed optional dependency C:\GitHub\TECHNOPULSE\vite-progect\node_modules\@swc\core-darwin-x64
1211 silly reify mark deleted [
1211 silly reify   'C:\\GitHub\\TECHNOPULSE\\vite-progect\\node_modules\\@swc\\core-darwin-x64'
1211 silly reify ]
1212 verbose reify failed optional dependency C:\GitHub\TECHNOPULSE\vite-progect\node_modules\@swc\core-darwin-arm64
1213 silly reify mark deleted [
1213 silly reify   'C:\\GitHub\\TECHNOPULSE\\vite-progect\\node_modules\\@swc\\core-darwin-arm64'
1213 silly reify ]
1214 silly tarball no local data for isexe@https://registry.npmjs.org/isexe/-/isexe-2.0.0.tgz. Extracting by manifest.
1215 silly tarball no local data for @emnapi/wasi-threads@https://registry.npmjs.org/@emnapi/wasi-threads/-/wasi-threads-1.1.0.tgz. Extracting by manifest.
1216 silly tarball no local data for @tybys/wasm-util@https://registry.npmjs.org/@tybys/wasm-util/-/wasm-util-0.10.1.tgz. Extracting by manifest.
1217 silly tarball no local data for tslib@https://registry.npmjs.org/tslib/-/tslib-2.8.1.tgz. Extracting by manifest.
1218 silly tarball no local data for @emnapi/core@https://registry.npmjs.org/@emnapi/core/-/core-1.7.1.tgz. Extracting by manifest.
1219 silly tarball no local data for @napi-rs/wasm-runtime@https://registry.npmjs.org/@napi-rs/wasm-runtime/-/wasm-runtime-1.0.7.tgz. Extracting by manifest.
1220 silly tarball no local data for @rolldown/binding-win32-x64-msvc@https://registry.npmjs.org/@rolldown/binding-win32-x64-msvc/-/binding-win32-x64-msvc-1.0.0-beta.50.tgz. Extracting by manifest.
1221 silly tarball no local data for @emnapi/runtime@https://registry.npmjs.org/@emnapi/runtime/-/runtime-1.7.1.tgz. Extracting by manifest.
1222 silly tarball no local data for @oxc-project/types@https://registry.npmjs.org/@oxc-project/types/-/types-0.97.0.tgz. Extracting by manifest.
1223 silly tarball no local data for nanoid@https://registry.npmjs.org/nanoid/-/nanoid-3.3.11.tgz. Extracting by manifest.
1224 silly tarball no local data for source-map-js@https://registry.npmjs.org/source-map-js/-/source-map-js-1.2.1.tgz. Extracting by manifest.
1225 silly tarball no local data for lightningcss-win32-x64-msvc@https://registry.npmjs.org/lightningcss-win32-x64-msvc/-/lightningcss-win32-x64-msvc-1.30.2.tgz. Extracting by manifest.
1226 silly tarball no local data for detect-libc@https://registry.npmjs.org/detect-libc/-/detect-libc-2.1.2.tgz. Extracting by manifest.
1227 silly tarball no local data for rolldown@https://registry.npmjs.org/rolldown/-/rolldown-1.0.0-beta.50.tgz. Extracting by manifest.
1228 silly tarball no local data for tinyglobby@https://registry.npmjs.org/tinyglobby/-/tinyglobby-0.2.15.tgz. Extracting by manifest.
1229 silly tarball no local data for picomatch@https://registry.npmjs.org/picomatch/-/picomatch-4.0.3.tgz. Extracting by manifest.
1230 silly tarball no local data for postcss@https://registry.npmjs.org/postcss/-/postcss-8.5.6.tgz. Extracting by manifest.
1231 silly tarball no local data for lightningcss@https://registry.npmjs.org/lightningcss/-/lightningcss-1.30.2.tgz. Extracting by manifest.
1232 silly tarball no local data for fdir@https://registry.npmjs.org/fdir/-/fdir-6.5.0.tgz. Extracting by manifest.
1233 silly tarball no local data for @oxc-project/runtime@https://registry.npmjs.org/@oxc-project/runtime/-/runtime-0.97.0.tgz. Extracting by manifest.
1234 silly tarball no local data for has-flag@https://registry.npmjs.org/has-flag/-/has-flag-4.0.0.tgz. Extracting by manifest.
1235 silly tarball no local data for escalade@https://registry.npmjs.org/escalade/-/escalade-3.2.0.tgz. Extracting by manifest.
1236 silly tarball no local data for shebang-regex@https://registry.npmjs.org/shebang-regex/-/shebang-regex-3.0.0.tgz. Extracting by manifest.
1237 silly tarball no local data for scheduler@https://registry.npmjs.org/scheduler/-/scheduler-0.27.0.tgz. Extracting by manifest.
1238 silly tarball no local data for yocto-queue@https://registry.npmjs.org/yocto-queue/-/yocto-queue-0.1.0.tgz. Extracting by manifest.
1239 silly tarball no local data for callsites@https://registry.npmjs.org/callsites/-/callsites-3.1.0.tgz. Extracting by manifest.
1240 silly tarball no local data for punycode@https://registry.npmjs.org/punycode/-/punycode-2.3.1.tgz. Extracting by manifest.
1241 silly tarball no local data for p-limit@https://registry.npmjs.org/p-limit/-/p-limit-3.1.0.tgz. Extracting by manifest.
1242 silly tarball no local data for word-wrap@https://registry.npmjs.org/word-wrap/-/word-wrap-1.2.5.tgz. Extracting by manifest.
1243 silly tarball no local data for fast-levenshtein@https://registry.npmjs.org/fast-levenshtein/-/fast-levenshtein-2.0.6.tgz. Extracting by manifest.
1244 silly tarball no local data for concat-map@https://registry.npmjs.org/concat-map/-/concat-map-0.0.1.tgz. Extracting by manifest.
1245 silly tarball no local data for deep-is@https://registry.npmjs.org/deep-is/-/deep-is-0.1.4.tgz. Extracting by manifest.
1246 silly tarball no local data for balanced-match@https://registry.npmjs.org/balanced-match/-/balanced-match-1.0.2.tgz. Extracting by manifest.
1247 silly tarball no local data for yallist@https://registry.npmjs.org/yallist/-/yallist-3.1.1.tgz. Extracting by manifest.
1248 silly tarball no local data for p-locate@https://registry.npmjs.org/p-locate/-/p-locate-5.0.0.tgz. Extracting by manifest.
1249 silly tarball no local data for brace-expansion@https://registry.npmjs.org/brace-expansion/-/brace-expansion-1.1.12.tgz. Extracting by manifest.
1250 silly tarball no local data for type-check@https://registry.npmjs.org/type-check/-/type-check-0.4.0.tgz. Extracting by manifest.
1251 silly tarball no local data for json-buffer@https://registry.npmjs.org/json-buffer/-/json-buffer-3.0.1.tgz. Extracting by manifest.
1252 silly tarball no local data for argparse@https://registry.npmjs.org/argparse/-/argparse-2.0.1.tgz. Extracting by manifest.
1253 silly tarball no local data for prelude-ls@https://registry.npmjs.org/prelude-ls/-/prelude-ls-1.2.1.tgz. Extracting by manifest.
1254 silly tarball no local data for resolve-from@https://registry.npmjs.org/resolve-from/-/resolve-from-4.0.0.tgz. Extracting by manifest.
1255 silly tarball no local data for parent-module@https://registry.npmjs.org/parent-module/-/parent-module-1.0.1.tgz. Extracting by manifest.
1256 silly tarball no local data for keyv@https://registry.npmjs.org/keyv/-/keyv-4.5.4.tgz. Extracting by manifest.
1257 silly tarball no local data for is-extglob@https://registry.npmjs.org/is-extglob/-/is-extglob-2.1.1.tgz. Extracting by manifest.
1258 silly tarball no local data for hermes-estree@https://registry.npmjs.org/hermes-estree/-/hermes-estree-0.25.1.tgz. Extracting by manifest.
1259 silly tarball no local data for flatted@https://registry.npmjs.org/flatted/-/flatted-3.3.3.tgz. Extracting by manifest.
1260 silly tarball no local data for flat-cache@https://registry.npmjs.org/flat-cache/-/flat-cache-4.0.1.tgz. Extracting by manifest.
1261 silly tarball no local data for path-exists@https://registry.npmjs.org/path-exists/-/path-exists-4.0.0.tgz. Extracting by manifest.
1262 silly tarball no local data for locate-path@https://registry.npmjs.org/locate-path/-/locate-path-6.0.0.tgz. Extracting by manifest.
1263 silly tarball no local data for acorn@https://registry.npmjs.org/acorn/-/acorn-8.15.0.tgz. Extracting by manifest.
1264 silly tarball no local data for acorn-jsx@https://registry.npmjs.org/acorn-jsx/-/acorn-jsx-5.3.2.tgz. Extracting by manifest.
1265 silly tarball no local data for estraverse@https://registry.npmjs.org/estraverse/-/estraverse-5.3.0.tgz. Extracting by manifest.
1266 silly tarball no local data for update-browserslist-db@https://registry.npmjs.org/update-browserslist-db/-/update-browserslist-db-1.1.4.tgz. Extracting by manifest.
1267 silly tarball no local data for esrecurse@https://registry.npmjs.org/esrecurse/-/esrecurse-4.3.0.tgz. Extracting by manifest.
1268 silly tarball no local data for node-releases@https://registry.npmjs.org/node-releases/-/node-releases-2.0.27.tgz. Extracting by manifest.
1269 silly tarball no local data for caniuse-lite@https://registry.npmjs.org/caniuse-lite/-/caniuse-lite-1.0.30001756.tgz. Extracting by manifest.
1270 silly tarball no local data for baseline-browser-mapping@https://registry.npmjs.org/baseline-browser-mapping/-/baseline-browser-mapping-2.8.31.tgz. Extracting by manifest.
1271 silly tarball no local data for electron-to-chromium@https://registry.npmjs.org/electron-to-chromium/-/electron-to-chromium-1.5.259.tgz. Extracting by manifest.
1272 silly tarball no local data for @jridgewell/resolve-uri@https://registry.npmjs.org/@jridgewell/resolve-uri/-/resolve-uri-3.1.2.tgz. Extracting by manifest.
1273 silly tarball no local data for @jridgewell/sourcemap-codec@https://registry.npmjs.org/@jridgewell/sourcemap-codec/-/sourcemap-codec-1.5.5.tgz. Extracting by manifest.
1274 silly tarball no local data for @babel/helper-string-parser@https://registry.npmjs.org/@babel/helper-string-parser/-/helper-string-parser-7.27.1.tgz. Extracting by manifest.
1275 silly tarball no local data for @babel/helper-globals@https://registry.npmjs.org/@babel/helper-globals/-/helper-globals-7.28.0.tgz. Extracting by manifest.
1276 silly tarball no local data for @babel/helper-module-imports@https://registry.npmjs.org/@babel/helper-module-imports/-/helper-module-imports-7.27.1.tgz. Extracting by manifest.
1277 silly tarball no local data for lru-cache@https://registry.npmjs.org/lru-cache/-/lru-cache-5.1.1.tgz. Extracting by manifest.
1278 silly tarball no local data for browserslist@https://registry.npmjs.org/browserslist/-/browserslist-4.28.0.tgz. Extracting by manifest.
1279 silly tarball no local data for @babel/helper-validator-option@https://registry.npmjs.org/@babel/helper-validator-option/-/helper-validator-option-7.27.1.tgz. Extracting by manifest.
1280 silly tarball no local data for @babel/compat-data@https://registry.npmjs.org/@babel/compat-data/-/compat-data-7.28.5.tgz. Extracting by manifest.
1281 silly tarball no local data for jsesc@https://registry.npmjs.org/jsesc/-/jsesc-3.1.0.tgz. Extracting by manifest.
1282 silly tarball no local data for @jridgewell/trace-mapping@https://registry.npmjs.org/@jridgewell/trace-mapping/-/trace-mapping-0.3.31.tgz. Extracting by manifest.
1283 silly tarball no local data for picocolors@https://registry.npmjs.org/picocolors/-/picocolors-1.1.1.tgz. Extracting by manifest.
1284 silly tarball no local data for @jridgewell/gen-mapping@https://registry.npmjs.org/@jridgewell/gen-mapping/-/gen-mapping-0.3.13.tgz. Extracting by manifest.
1285 silly tarball no local data for js-tokens@https://registry.npmjs.org/js-tokens/-/js-tokens-4.0.0.tgz. Extracting by manifest.
1286 silly tarball no local data for @babel/helper-validator-identifier@https://registry.npmjs.org/@babel/helper-validator-identifier/-/helper-validator-identifier-7.28.5.tgz. Extracting by manifest.
1287 silly tarball no local data for semver@https://registry.npmjs.org/semver/-/semver-6.3.1.tgz. Extracting by manifest.
1288 silly tarball no local data for json5@https://registry.npmjs.org/json5/-/json5-2.2.3.tgz. Extracting by manifest.
1289 silly tarball no local data for convert-source-map@https://registry.npmjs.org/convert-source-map/-/convert-source-map-2.0.0.tgz. Extracting by manifest.
1290 silly tarball no local data for @jridgewell/remapping@https://registry.npmjs.org/@jridgewell/remapping/-/remapping-2.3.5.tgz. Extracting by manifest.
1291 silly tarball no local data for gensync@https://registry.npmjs.org/gensync/-/gensync-1.0.0-beta.2.tgz. Extracting by manifest.
1292 silly tarball no local data for @babel/types@https://registry.npmjs.org/@babel/types/-/types-7.28.5.tgz. Extracting by manifest.
1293 silly tarball no local data for @babel/traverse@https://registry.npmjs.org/@babel/traverse/-/traverse-7.28.5.tgz. Extracting by manifest.
1294 silly tarball no local data for @babel/helpers@https://registry.npmjs.org/@babel/helpers/-/helpers-7.28.4.tgz. Extracting by manifest.
1295 silly tarball no local data for @babel/template@https://registry.npmjs.org/@babel/template/-/template-7.27.2.tgz. Extracting by manifest.
1296 silly tarball no local data for @babel/helper-compilation-targets@https://registry.npmjs.org/@babel/helper-compilation-targets/-/helper-compilation-targets-7.27.2.tgz. Extracting by manifest.
1297 silly tarball no local data for @babel/helper-module-transforms@https://registry.npmjs.org/@babel/helper-module-transforms/-/helper-module-transforms-7.28.3.tgz. Extracting by manifest.
1298 silly tarball no local data for zod-validation-error@https://registry.npmjs.org/zod-validation-error/-/zod-validation-error-4.0.2.tgz. Extracting by manifest.
1299 silly tarball no local data for @babel/generator@https://registry.npmjs.org/@babel/generator/-/generator-7.28.5.tgz. Extracting by manifest.
1300 silly tarball no local data for @babel/code-frame@https://registry.npmjs.org/@babel/code-frame/-/code-frame-7.27.1.tgz. Extracting by manifest.
1301 silly tarball no local data for hermes-parser@https://registry.npmjs.org/hermes-parser/-/hermes-parser-0.25.1.tgz. Extracting by manifest.
1302 silly tarball no local data for zod@https://registry.npmjs.org/zod/-/zod-4.1.12.tgz. Extracting by manifest.
1303 silly tarball no local data for @babel/core@https://registry.npmjs.org/@babel/core/-/core-7.28.5.tgz. Extracting by manifest.
1304 silly tarball no local data for @babel/parser@https://registry.npmjs.org/@babel/parser/-/parser-7.28.5.tgz. Extracting by manifest.
1305 silly tarball no local data for ms@https://registry.npmjs.org/ms/-/ms-2.1.3.tgz. Extracting by manifest.
1306 silly tarball no local data for shebang-command@https://registry.npmjs.org/shebang-command/-/shebang-command-2.0.0.tgz. Extracting by manifest.
1307 silly tarball no local data for which@https://registry.npmjs.org/which/-/which-2.0.2.tgz. Extracting by manifest.
1308 silly tarball no local data for color-name@https://registry.npmjs.org/color-name/-/color-name-1.1.4.tgz. Extracting by manifest.
1309 silly tarball no local data for path-key@https://registry.npmjs.org/path-key/-/path-key-3.1.1.tgz. Extracting by manifest.
1310 silly tarball no local data for color-convert@https://registry.npmjs.org/color-convert/-/color-convert-2.0.1.tgz. Extracting by manifest.
1311 silly tarball no local data for ansi-styles@https://registry.npmjs.org/ansi-styles/-/ansi-styles-4.3.0.tgz. Extracting by manifest.
1312 silly tarball no local data for supports-color@https://registry.npmjs.org/supports-color/-/supports-color-7.2.0.tgz. Extracting by manifest.
1313 silly tarball no local data for uri-js@https://registry.npmjs.org/uri-js/-/uri-js-4.4.1.tgz. Extracting by manifest.
1314 silly tarball no local data for json-schema-traverse@https://registry.npmjs.org/json-schema-traverse/-/json-schema-traverse-0.4.1.tgz. Extracting by manifest.
1315 silly tarball no local data for fast-json-stable-stringify@https://registry.npmjs.org/fast-json-stable-stringify/-/fast-json-stable-stringify-2.1.0.tgz. Extracting by manifest.
1316 silly tarball no local data for @humanfs/core@https://registry.npmjs.org/@humanfs/core/-/core-0.19.1.tgz. Extracting by manifest.
1317 silly tarball no local data for js-yaml@https://registry.npmjs.org/js-yaml/-/js-yaml-4.1.1.tgz. Extracting by manifest.
1318 silly tarball no local data for levn@https://registry.npmjs.org/levn/-/levn-0.4.1.tgz. Extracting by manifest.
1319 silly tarball no local data for import-fresh@https://registry.npmjs.org/import-fresh/-/import-fresh-3.3.1.tgz. Extracting by manifest.
1320 silly tarball no local data for strip-json-comments@https://registry.npmjs.org/strip-json-comments/-/strip-json-comments-3.1.1.tgz. Extracting by manifest.
1321 silly tarball no local data for @types/json-schema@https://registry.npmjs.org/@types/json-schema/-/json-schema-7.0.15.tgz. Extracting by manifest.
1322 silly tarball no local data for @eslint/object-schema@https://registry.npmjs.org/@eslint/object-schema/-/object-schema-2.1.7.tgz. Extracting by manifest.
1323 silly tarball no local data for optionator@https://registry.npmjs.org/optionator/-/optionator-0.9.4.tgz. Extracting by manifest.
1324 silly tarball no local data for natural-compare@https://registry.npmjs.org/natural-compare/-/natural-compare-1.4.0.tgz. Extracting by manifest.
1325 silly tarball no local data for minimatch@https://registry.npmjs.org/minimatch/-/minimatch-3.1.2.tgz. Extracting by manifest.
1326 silly tarball no local data for lodash.merge@https://registry.npmjs.org/lodash.merge/-/lodash.merge-4.6.2.tgz. Extracting by manifest.
1327 silly tarball no local data for is-glob@https://registry.npmjs.org/is-glob/-/is-glob-4.0.3.tgz. Extracting by manifest.
1328 silly tarball no local data for json-stable-stringify-without-jsonify@https://registry.npmjs.org/json-stable-stringify-without-jsonify/-/json-stable-stringify-without-jsonify-1.0.1.tgz. Extracting by manifest.
1329 silly tarball no local data for imurmurhash@https://registry.npmjs.org/imurmurhash/-/imurmurhash-0.1.4.tgz. Extracting by manifest.
1330 silly tarball no local data for ignore@https://registry.npmjs.org/ignore/-/ignore-5.3.2.tgz. Extracting by manifest.
1331 silly tarball no local data for glob-parent@https://registry.npmjs.org/glob-parent/-/glob-parent-6.0.2.tgz. Extracting by manifest.
1332 silly tarball no local data for file-entry-cache@https://registry.npmjs.org/file-entry-cache/-/file-entry-cache-8.0.0.tgz. Extracting by manifest.
1333 silly tarball no local data for find-up@https://registry.npmjs.org/find-up/-/find-up-5.0.0.tgz. Extracting by manifest.
1334 silly tarball no local data for esutils@https://registry.npmjs.org/esutils/-/esutils-2.0.3.tgz. Extracting by manifest.
1335 silly tarball no local data for esquery@https://registry.npmjs.org/esquery/-/esquery-1.6.0.tgz. Extracting by manifest.
1336 silly tarball no local data for fast-deep-equal@https://registry.npmjs.org/fast-deep-equal/-/fast-deep-equal-3.1.3.tgz. Extracting by manifest.
1337 silly tarball no local data for espree@https://registry.npmjs.org/espree/-/espree-10.4.0.tgz. Extracting by manifest.
1338 silly tarball no local data for eslint-visitor-keys@https://registry.npmjs.org/eslint-visitor-keys/-/eslint-visitor-keys-4.2.1.tgz. Extracting by manifest.
1339 silly tarball no local data for eslint-scope@https://registry.npmjs.org/eslint-scope/-/eslint-scope-8.4.0.tgz. Extracting by manifest.
1340 silly tarball no local data for escape-string-regexp@https://registry.npmjs.org/escape-string-regexp/-/escape-string-regexp-4.0.0.tgz. Extracting by manifest.
1341 silly tarball no local data for cross-spawn@https://registry.npmjs.org/cross-spawn/-/cross-spawn-7.0.6.tgz. Extracting by manifest.
1342 silly tarball no local data for debug@https://registry.npmjs.org/debug/-/debug-4.4.3.tgz. Extracting by manifest.
1343 silly tarball no local data for chalk@https://registry.npmjs.org/chalk/-/chalk-4.1.2.tgz. Extracting by manifest.
1344 silly tarball no local data for @types/estree@https://registry.npmjs.org/@types/estree/-/estree-1.0.8.tgz. Extracting by manifest.
1345 silly tarball no local data for ajv@https://registry.npmjs.org/ajv/-/ajv-6.12.6.tgz. Extracting by manifest.
1346 silly tarball no local data for @humanfs/node@https://registry.npmjs.org/@humanfs/node/-/node-0.16.7.tgz. Extracting by manifest.
1347 silly tarball no local data for @humanwhocodes/retry@https://registry.npmjs.org/@humanwhocodes/retry/-/retry-0.4.3.tgz. Extracting by manifest.
1348 silly tarball no local data for @humanwhocodes/module-importer@https://registry.npmjs.org/@humanwhocodes/module-importer/-/module-importer-1.0.1.tgz. Extracting by manifest.
1349 silly tarball no local data for @eslint/core@https://registry.npmjs.org/@eslint/core/-/core-0.17.0.tgz. Extracting by manifest.
1350 silly tarball no local data for @eslint/plugin-kit@https://registry.npmjs.org/@eslint/plugin-kit/-/plugin-kit-0.4.1.tgz. Extracting by manifest.
1351 silly tarball no local data for @eslint/config-helpers@https://registry.npmjs.org/@eslint/config-helpers/-/config-helpers-0.4.2.tgz. Extracting by manifest.
1352 silly tarball no local data for @eslint/eslintrc@https://registry.npmjs.org/@eslint/eslintrc/-/eslintrc-3.3.1.tgz. Extracting by manifest.
1353 silly tarball no local data for @eslint/config-array@https://registry.npmjs.org/@eslint/config-array/-/config-array-0.21.1.tgz. Extracting by manifest.
1354 silly tarball no local data for @eslint-community/regexpp@https://registry.npmjs.org/@eslint-community/regexpp/-/regexpp-4.12.2.tgz. Extracting by manifest.
1355 silly tarball no local data for @swc/types@https://registry.npmjs.org/@swc/types/-/types-0.1.25.tgz. Extracting by manifest.
1356 silly tarball no local data for @eslint-community/eslint-utils@https://registry.npmjs.org/@eslint-community/eslint-utils/-/eslint-utils-4.9.0.tgz. Extracting by manifest.
1357 silly tarball no local data for @swc/counter@https://registry.npmjs.org/@swc/counter/-/counter-0.1.3.tgz. Extracting by manifest.
1358 silly tarball no local data for @swc/core@https://registry.npmjs.org/@swc/core/-/core-1.15.3.tgz. Extracting by manifest.
1359 silly tarball no local data for @swc/core-win32-x64-msvc@https://registry.npmjs.org/@swc/core-win32-x64-msvc/-/core-win32-x64-msvc-1.15.3.tgz. Extracting by manifest.
1360 silly tarball no local data for csstype@https://registry.npmjs.org/csstype/-/csstype-3.2.3.tgz. Extracting by manifest.
1361 silly tarball no local data for @rolldown/pluginutils@https://registry.npmjs.org/@rolldown/pluginutils/-/pluginutils-1.0.0-beta.47.tgz. Extracting by manifest.
1362 silly tarball no local data for react-dom@https://registry.npmjs.org/react-dom/-/react-dom-19.2.0.tgz. Extracting by manifest.
1363 silly tarball no local data for globals@https://registry.npmjs.org/globals/-/globals-16.5.0.tgz. Extracting by manifest.
1364 silly tarball no local data for react@https://registry.npmjs.org/react/-/react-19.2.0.tgz. Extracting by manifest.
1365 silly tarball no local data for eslint-plugin-react-refresh@https://registry.npmjs.org/eslint-plugin-react-refresh/-/eslint-plugin-react-refresh-0.4.24.tgz. Extracting by manifest.
1366 silly tarball no local data for eslint-plugin-react-hooks@https://registry.npmjs.org/eslint-plugin-react-hooks/-/eslint-plugin-react-hooks-7.0.1.tgz. Extracting by manifest.
1367 silly tarball no local data for eslint@https://registry.npmjs.org/eslint/-/eslint-9.39.1.tgz. Extracting by manifest.
1368 silly tarball no local data for @types/react@https://registry.npmjs.org/@types/react/-/react-19.2.6.tgz. Extracting by manifest.
1369 silly tarball no local data for @vitejs/plugin-react-swc@https://registry.npmjs.org/@vitejs/plugin-react-swc/-/plugin-react-swc-4.2.2.tgz. Extracting by manifest.
1370 silly tarball no local data for vite@https://registry.npmjs.org/rolldown-vite/-/rolldown-vite-7.2.5.tgz. Extracting by manifest.
1371 silly tarball no local data for @types/react-dom@https://registry.npmjs.org/@types/react-dom/-/react-dom-19.2.3.tgz. Extracting by manifest.
1372 silly tarball no local data for @eslint/js@https://registry.npmjs.org/@eslint/js/-/js-9.39.1.tgz. Extracting by manifest.
1373 silly tarball no local data for globals@https://registry.npmjs.org/globals/-/globals-14.0.0.tgz. Extracting by manifest.
1374 silly tarball no local data for @rolldown/pluginutils@https://registry.npmjs.org/@rolldown/pluginutils/-/pluginutils-1.0.0-beta.50.tgz. Extracting by manifest.
1375 silly tarball no local data for eslint-visitor-keys@https://registry.npmjs.org/eslint-visitor-keys/-/eslint-visitor-keys-3.4.3.tgz. Extracting by manifest.
1376 http fetch GET 200 https://registry.npmjs.org/nanoid/-/nanoid-3.3.11.tgz 100ms (cache miss)
1377 http fetch GET 200 https://registry.npmjs.org/isexe/-/isexe-2.0.0.tgz 112ms (cache miss)
1378 http fetch GET 200 https://registry.npmjs.org/tinyglobby/-/tinyglobby-0.2.15.tgz 213ms (cache miss)
1379 http fetch POST 200 https://registry.npmjs.org/-/npm/v1/security/advisories/bulk 276ms
1380 silly audit report {}
1381 http fetch GET 200 https://registry.npmjs.org/fdir/-/fdir-6.5.0.tgz 250ms (cache miss)
1382 http fetch GET 200 https://registry.npmjs.org/has-flag/-/has-flag-4.0.0.tgz 268ms (cache miss)
1383 http fetch GET 200 https://registry.npmjs.org/tslib/-/tslib-2.8.1.tgz 343ms (cache miss)
1384 http fetch GET 200 https://registry.npmjs.org/shebang-regex/-/shebang-regex-3.0.0.tgz 339ms (cache miss)
1385 http fetch GET 200 https://registry.npmjs.org/escalade/-/escalade-3.2.0.tgz 341ms (cache miss)
1386 http fetch GET 200 https://registry.npmjs.org/yocto-queue/-/yocto-queue-0.1.0.tgz 343ms (cache miss)
1387 http fetch GET 200 https://registry.npmjs.org/callsites/-/callsites-3.1.0.tgz 346ms (cache miss)
1388 http fetch GET 200 https://registry.npmjs.org/scheduler/-/scheduler-0.27.0.tgz 385ms (cache miss)
1389 http fetch GET 200 https://registry.npmjs.org/punycode/-/punycode-2.3.1.tgz 387ms (cache miss)
1390 http fetch GET 200 https://registry.npmjs.org/p-limit/-/p-limit-3.1.0.tgz 389ms (cache miss)
1391 http fetch GET 200 https://registry.npmjs.org/yallist/-/yallist-3.1.1.tgz 479ms (cache miss)
1392 http fetch GET 200 https://registry.npmjs.org/concat-map/-/concat-map-0.0.1.tgz 484ms (cache miss)
1393 http fetch GET 200 https://registry.npmjs.org/fast-levenshtein/-/fast-levenshtein-2.0.6.tgz 493ms (cache miss)
1394 http fetch GET 200 https://registry.npmjs.org/p-locate/-/p-locate-5.0.0.tgz 499ms (cache miss)
1395 http fetch GET 200 https://registry.npmjs.org/brace-expansion/-/brace-expansion-1.1.12.tgz 507ms (cache miss)
1396 http fetch GET 200 https://registry.npmjs.org/picomatch/-/picomatch-4.0.3.tgz 513ms (cache miss)
1397 http fetch GET 200 https://registry.npmjs.org/balanced-match/-/balanced-match-1.0.2.tgz 530ms (cache miss)
1398 http fetch GET 200 https://registry.npmjs.org/json-buffer/-/json-buffer-3.0.1.tgz 532ms (cache miss)
1399 http fetch GET 200 https://registry.npmjs.org/word-wrap/-/word-wrap-1.2.5.tgz 538ms (cache miss)
1400 http fetch GET 200 https://registry.npmjs.org/parent-module/-/parent-module-1.0.1.tgz 618ms (cache miss)
1401 http fetch GET 200 https://registry.npmjs.org/flatted/-/flatted-3.3.3.tgz 634ms (cache miss)
1402 http fetch GET 200 https://registry.npmjs.org/resolve-from/-/resolve-from-4.0.0.tgz 650ms (cache miss)
1403 http fetch GET 200 https://registry.npmjs.org/detect-libc/-/detect-libc-2.1.2.tgz 668ms (cache miss)
1404 http fetch GET 200 https://registry.npmjs.org/path-exists/-/path-exists-4.0.0.tgz 669ms (cache miss)
1405 http fetch GET 200 https://registry.npmjs.org/is-extglob/-/is-extglob-2.1.1.tgz 685ms (cache miss)
1406 http fetch GET 200 https://registry.npmjs.org/keyv/-/keyv-4.5.4.tgz 686ms (cache miss)
1407 http fetch GET 200 https://registry.npmjs.org/acorn-jsx/-/acorn-jsx-5.3.2.tgz 691ms (cache miss)
1408 http fetch GET 200 https://registry.npmjs.org/estraverse/-/estraverse-5.3.0.tgz 691ms (cache miss)
1409 http fetch GET 200 https://registry.npmjs.org/locate-path/-/locate-path-6.0.0.tgz 712ms (cache miss)
1410 http fetch GET 200 https://registry.npmjs.org/update-browserslist-db/-/update-browserslist-db-1.1.4.tgz 729ms (cache miss)
1411 http fetch GET 200 https://registry.npmjs.org/node-releases/-/node-releases-2.0.27.tgz 754ms (cache miss)
1412 http fetch GET 200 https://registry.npmjs.org/esrecurse/-/esrecurse-4.3.0.tgz 756ms (cache miss)
1413 http fetch GET 200 https://registry.npmjs.org/@jridgewell/resolve-uri/-/resolve-uri-3.1.2.tgz 900ms (cache miss)
1414 http fetch GET 200 https://registry.npmjs.org/@babel/helper-globals/-/helper-globals-7.28.0.tgz 905ms (cache miss)
1415 http fetch GET 200 https://registry.npmjs.org/@babel/helper-validator-option/-/helper-validator-option-7.27.1.tgz 905ms (cache miss)
1416 http fetch GET 200 https://registry.npmjs.org/@babel/helper-module-imports/-/helper-module-imports-7.27.1.tgz 915ms (cache miss)
1417 http fetch GET 200 https://registry.npmjs.org/picocolors/-/picocolors-1.1.1.tgz 936ms (cache miss)
1418 http fetch GET 200 https://registry.npmjs.org/jsesc/-/jsesc-3.1.0.tgz 962ms (cache miss)
1419 http fetch GET 200 https://registry.npmjs.org/lru-cache/-/lru-cache-5.1.1.tgz 963ms (cache miss)
1420 http fetch GET 200 https://registry.npmjs.org/type-check/-/type-check-0.4.0.tgz 977ms (cache miss)
1421 http fetch GET 200 https://registry.npmjs.org/@emnapi/wasi-threads/-/wasi-threads-1.1.0.tgz 987ms (cache miss)
1422 http fetch GET 200 https://registry.npmjs.org/flat-cache/-/flat-cache-4.0.1.tgz 997ms (cache miss)
1423 http fetch GET 200 https://registry.npmjs.org/@babel/compat-data/-/compat-data-7.28.5.tgz 997ms (cache miss)
1424 http fetch GET 200 https://registry.npmjs.org/convert-source-map/-/convert-source-map-2.0.0.tgz 999ms (cache miss)
1425 http fetch GET 200 https://registry.npmjs.org/@babel/helper-string-parser/-/helper-string-parser-7.27.1.tgz 1020ms (cache miss)
1426 http fetch GET 200 https://registry.npmjs.org/deep-is/-/deep-is-0.1.4.tgz 1029ms (cache miss)
1427 http fetch GET 200 https://registry.npmjs.org/gensync/-/gensync-1.0.0-beta.2.tgz 1027ms (cache miss)
1428 http fetch GET 200 https://registry.npmjs.org/js-tokens/-/js-tokens-4.0.0.tgz 1048ms (cache miss)
1429 http fetch GET 200 https://registry.npmjs.org/@jridgewell/remapping/-/remapping-2.3.5.tgz 1152ms (cache miss)
1430 http fetch GET 200 https://registry.npmjs.org/argparse/-/argparse-2.0.1.tgz 1241ms (cache miss)
1431 http fetch GET 200 https://registry.npmjs.org/color-name/-/color-name-1.1.4.tgz 1231ms (cache miss)
1432 http fetch GET 200 https://registry.npmjs.org/@babel/code-frame/-/code-frame-7.27.1.tgz 1248ms (cache miss)
1433 http fetch GET 200 https://registry.npmjs.org/color-convert/-/color-convert-2.0.1.tgz 1262ms (cache miss)
1434 http fetch GET 200 https://registry.npmjs.org/path-key/-/path-key-3.1.1.tgz 1269ms (cache miss)
1435 http fetch GET 200 https://registry.npmjs.org/json-schema-traverse/-/json-schema-traverse-0.4.1.tgz 1277ms (cache miss)
1436 http fetch GET 200 https://registry.npmjs.org/prelude-ls/-/prelude-ls-1.2.1.tgz 1291ms (cache miss)
1437 http fetch GET 200 https://registry.npmjs.org/ms/-/ms-2.1.3.tgz 1289ms (cache miss)
1438 http fetch GET 200 https://registry.npmjs.org/import-fresh/-/import-fresh-3.3.1.tgz 1295ms (cache miss)
1439 http fetch GET 200 https://registry.npmjs.org/supports-color/-/supports-color-7.2.0.tgz 1340ms (cache miss)
1440 http fetch GET 200 https://registry.npmjs.org/optionator/-/optionator-0.9.4.tgz 1357ms (cache miss)
1441 http fetch GET 200 https://registry.npmjs.org/json-stable-stringify-without-jsonify/-/json-stable-stringify-without-jsonify-1.0.1.tgz 1371ms (cache miss)
1442 http fetch GET 200 https://registry.npmjs.org/shebang-command/-/shebang-command-2.0.0.tgz 1384ms (cache miss)
1443 http fetch GET 200 https://registry.npmjs.org/semver/-/semver-6.3.1.tgz 1412ms (cache miss)
1444 http fetch GET 200 https://registry.npmjs.org/ansi-styles/-/ansi-styles-4.3.0.tgz 1412ms (cache miss)
1445 http fetch GET 200 https://registry.npmjs.org/glob-parent/-/glob-parent-6.0.2.tgz 1413ms (cache miss)
1446 http fetch GET 200 https://registry.npmjs.org/is-glob/-/is-glob-4.0.3.tgz 1415ms (cache miss)
1447 http fetch GET 200 https://registry.npmjs.org/fast-json-stable-stringify/-/fast-json-stable-stringify-2.1.0.tgz 1419ms (cache miss)
1448 http fetch GET 200 https://registry.npmjs.org/find-up/-/find-up-5.0.0.tgz 1420ms (cache miss)
1449 http fetch GET 200 https://registry.npmjs.org/file-entry-cache/-/file-entry-cache-8.0.0.tgz 1429ms (cache miss)
1450 http fetch GET 200 https://registry.npmjs.org/fast-deep-equal/-/fast-deep-equal-3.1.3.tgz 1430ms (cache miss)
1451 http fetch GET 200 https://registry.npmjs.org/natural-compare/-/natural-compare-1.4.0.tgz 1434ms (cache miss)
1452 http fetch GET 200 https://registry.npmjs.org/strip-json-comments/-/strip-json-comments-3.1.1.tgz 1442ms (cache miss)
1453 http fetch GET 200 https://registry.npmjs.org/imurmurhash/-/imurmurhash-0.1.4.tgz 1446ms (cache miss)
1454 http fetch GET 200 https://registry.npmjs.org/lodash.merge/-/lodash.merge-4.6.2.tgz 1458ms (cache miss)
1455 http fetch GET 200 https://registry.npmjs.org/@types/json-schema/-/json-schema-7.0.15.tgz 1471ms (cache miss)
1456 http fetch GET 200 https://registry.npmjs.org/minimatch/-/minimatch-3.1.2.tgz 1472ms (cache miss)
1457 http fetch GET 200 https://registry.npmjs.org/esutils/-/esutils-2.0.3.tgz 1486ms (cache miss)
1458 http fetch GET 200 https://registry.npmjs.org/eslint-visitor-keys/-/eslint-visitor-keys-4.2.1.tgz 1509ms (cache miss)
1459 http fetch GET 200 https://registry.npmjs.org/which/-/which-2.0.2.tgz 1517ms (cache miss)
1460 http fetch GET 200 https://registry.npmjs.org/ignore/-/ignore-5.3.2.tgz 1516ms (cache miss)
1461 http fetch GET 200 https://registry.npmjs.org/escape-string-regexp/-/escape-string-regexp-4.0.0.tgz 1515ms (cache miss)
1462 http fetch GET 200 https://registry.npmjs.org/@oxc-project/types/-/types-0.97.0.tgz 1588ms (cache miss)
1463 http fetch GET 200 https://registry.npmjs.org/eslint-plugin-react-refresh/-/eslint-plugin-react-refresh-0.4.24.tgz 1626ms (cache miss)
1464 http fetch GET 200 https://registry.npmjs.org/levn/-/levn-0.4.1.tgz 1642ms (cache miss)
1465 http fetch GET 200 https://registry.npmjs.org/@humanwhocodes/module-importer/-/module-importer-1.0.1.tgz 1641ms (cache miss)
1466 http fetch GET 200 https://registry.npmjs.org/@swc/counter/-/counter-0.1.3.tgz 1671ms (cache miss)
1467 http fetch GET 200 https://registry.npmjs.org/@rolldown/pluginutils/-/pluginutils-1.0.0-beta.47.tgz 1676ms (cache miss)
1468 http fetch GET 200 https://registry.npmjs.org/@types/estree/-/estree-1.0.8.tgz 1689ms (cache miss)
1469 http fetch GET 200 https://registry.npmjs.org/baseline-browser-mapping/-/baseline-browser-mapping-2.8.31.tgz 1706ms (cache miss)
1470 http fetch GET 200 https://registry.npmjs.org/@emnapi/runtime/-/runtime-1.7.1.tgz 1749ms (cache miss)
1471 http fetch GET 200 https://registry.npmjs.org/@babel/helper-validator-identifier/-/helper-validator-identifier-7.28.5.tgz 1745ms (cache miss)
1472 http fetch GET 200 https://registry.npmjs.org/eslint-visitor-keys/-/eslint-visitor-keys-3.4.3.tgz 1776ms (cache miss)
1473 http fetch GET 200 https://registry.npmjs.org/lightningcss/-/lightningcss-1.30.2.tgz 1811ms (cache miss)
1474 http fetch GET 200 https://registry.npmjs.org/@rolldown/pluginutils/-/pluginutils-1.0.0-beta.50.tgz 1799ms (cache miss)
1475 http fetch GET 200 https://registry.npmjs.org/@eslint/js/-/js-9.39.1.tgz 1869ms (cache miss)
1476 http fetch GET 200 https://registry.npmjs.org/debug/-/debug-4.4.3.tgz 1915ms (cache miss)
1477 http fetch GET 200 https://registry.npmjs.org/chalk/-/chalk-4.1.2.tgz 1919ms (cache miss)
1478 http fetch GET 200 https://registry.npmjs.org/browserslist/-/browserslist-4.28.0.tgz 1936ms (cache miss)
1479 http fetch GET 200 https://registry.npmjs.org/@eslint/core/-/core-0.17.0.tgz 1992ms (cache miss)
1480 http fetch GET 200 https://registry.npmjs.org/@types/react-dom/-/react-dom-19.2.3.tgz 2018ms (cache miss)
1481 http fetch GET 200 https://registry.npmjs.org/@swc/types/-/types-0.1.25.tgz 2037ms (cache miss)
1482 http fetch GET 200 https://registry.npmjs.org/globals/-/globals-14.0.0.tgz 2040ms (cache miss)
1483 http fetch GET 200 https://registry.npmjs.org/cross-spawn/-/cross-spawn-7.0.6.tgz 2087ms (cache miss)
1484 http fetch GET 200 https://registry.npmjs.org/globals/-/globals-16.5.0.tgz 2116ms (cache miss)
1485 http fetch GET 200 https://registry.npmjs.org/@humanfs/node/-/node-0.16.7.tgz 2132ms (cache miss)
1486 http fetch GET 200 https://registry.npmjs.org/@vitejs/plugin-react-swc/-/plugin-react-swc-4.2.2.tgz 2168ms (cache miss)
1487 http fetch GET 200 https://registry.npmjs.org/@humanwhocodes/retry/-/retry-0.4.3.tgz 2195ms (cache miss)
1488 http fetch GET 200 https://registry.npmjs.org/@eslint/object-schema/-/object-schema-2.1.7.tgz 2228ms (cache miss)
1489 http fetch GET 200 https://registry.npmjs.org/@eslint/config-helpers/-/config-helpers-0.4.2.tgz 2290ms (cache miss)
1490 http fetch GET 200 https://registry.npmjs.org/@humanfs/core/-/core-0.19.1.tgz 2298ms (cache miss)
1491 http fetch GET 200 https://registry.npmjs.org/@eslint/plugin-kit/-/plugin-kit-0.4.1.tgz 2370ms (cache miss)
1492 http fetch GET 200 https://registry.npmjs.org/electron-to-chromium/-/electron-to-chromium-1.5.259.tgz 2391ms (cache miss)
1493 http fetch GET 200 https://registry.npmjs.org/hermes-estree/-/hermes-estree-0.25.1.tgz 2394ms (cache miss)
1494 http fetch GET 200 https://registry.npmjs.org/source-map-js/-/source-map-js-1.2.1.tgz 2404ms (cache miss)
1495 http fetch GET 200 https://registry.npmjs.org/espree/-/espree-10.4.0.tgz 2413ms (cache miss)
1496 http fetch GET 200 https://registry.npmjs.org/@babel/helper-compilation-targets/-/helper-compilation-targets-7.27.2.tgz 2516ms (cache miss)
1497 http fetch GET 200 https://registry.npmjs.org/@eslint-community/regexpp/-/regexpp-4.12.2.tgz 2522ms (cache miss)
1498 http fetch GET 200 https://registry.npmjs.org/zod-validation-error/-/zod-validation-error-4.0.2.tgz 2567ms (cache miss)
1499 http fetch GET 200 https://registry.npmjs.org/@swc/core/-/core-1.15.3.tgz 2561ms (cache miss)
1500 http fetch GET 200 https://registry.npmjs.org/eslint-scope/-/eslint-scope-8.4.0.tgz 2625ms (cache miss)
1501 http fetch GET 200 https://registry.npmjs.org/@babel/helper-module-transforms/-/helper-module-transforms-7.28.3.tgz 2632ms (cache miss)
1502 http fetch GET 200 https://registry.npmjs.org/@babel/template/-/template-7.27.2.tgz 2648ms (cache miss)
1503 http fetch GET 200 https://registry.npmjs.org/@eslint-community/eslint-utils/-/eslint-utils-4.9.0.tgz 2651ms (cache miss)
1504 http fetch GET 200 https://registry.npmjs.org/json5/-/json5-2.2.3.tgz 2750ms (cache miss)
1505 http fetch GET 200 https://registry.npmjs.org/acorn/-/acorn-8.15.0.tgz 2780ms (cache miss)
1506 http fetch GET 200 https://registry.npmjs.org/@eslint/config-array/-/config-array-0.21.1.tgz 2807ms (cache miss)
1507 http fetch GET 200 https://registry.npmjs.org/@types/react/-/react-19.2.6.tgz 2807ms (cache miss)
1508 http fetch GET 200 https://registry.npmjs.org/@jridgewell/sourcemap-codec/-/sourcemap-codec-1.5.5.tgz 2830ms (cache miss)
1509 http fetch GET 200 https://registry.npmjs.org/csstype/-/csstype-3.2.3.tgz 2867ms (cache miss)
1510 http fetch GET 200 https://registry.npmjs.org/@jridgewell/gen-mapping/-/gen-mapping-0.3.13.tgz 2958ms (cache miss)
1511 http fetch GET 200 https://registry.npmjs.org/@emnapi/core/-/core-1.7.1.tgz 3059ms (cache miss)
1512 http fetch GET 200 https://registry.npmjs.org/esquery/-/esquery-1.6.0.tgz 3045ms (cache miss)
1513 http fetch GET 200 https://registry.npmjs.org/react/-/react-19.2.0.tgz 3105ms (cache miss)
1514 http fetch GET 200 https://registry.npmjs.org/@tybys/wasm-util/-/wasm-util-0.10.1.tgz 3152ms (cache miss)
1515 http fetch GET 200 https://registry.npmjs.org/rolldown/-/rolldown-1.0.0-beta.50.tgz 3172ms (cache miss)
1516 http fetch GET 200 https://registry.npmjs.org/@babel/parser/-/parser-7.28.5.tgz 3215ms (cache miss)
1517 http fetch GET 200 https://registry.npmjs.org/postcss/-/postcss-8.5.6.tgz 3242ms (cache miss)
1518 http fetch GET 200 https://registry.npmjs.org/js-yaml/-/js-yaml-4.1.1.tgz 3251ms (cache miss)
1519 http fetch GET 200 https://registry.npmjs.org/@eslint/eslintrc/-/eslintrc-3.3.1.tgz 3302ms (cache miss)
1520 http fetch GET 200 https://registry.npmjs.org/@jridgewell/trace-mapping/-/trace-mapping-0.3.31.tgz 3333ms (cache miss)
1521 http fetch GET 200 https://registry.npmjs.org/uri-js/-/uri-js-4.4.1.tgz 3388ms (cache miss)
1522 http fetch GET 200 https://registry.npmjs.org/@babel/generator/-/generator-7.28.5.tgz 3440ms (cache miss)
1523 http fetch GET 200 https://registry.npmjs.org/@napi-rs/wasm-runtime/-/wasm-runtime-1.0.7.tgz 3563ms (cache miss)
1524 http fetch GET 200 https://registry.npmjs.org/eslint-plugin-react-hooks/-/eslint-plugin-react-hooks-7.0.1.tgz 3680ms (cache miss)
1525 http fetch GET 200 https://registry.npmjs.org/hermes-parser/-/hermes-parser-0.25.1.tgz 3700ms (cache miss)
1526 http fetch GET 200 https://registry.npmjs.org/@babel/traverse/-/traverse-7.28.5.tgz 3780ms (cache miss)
1527 http fetch GET 200 https://registry.npmjs.org/rolldown-vite/-/rolldown-vite-7.2.5.tgz 3860ms (cache miss)
1528 http fetch GET 200 https://registry.npmjs.org/ajv/-/ajv-6.12.6.tgz 4303ms (cache miss)
1529 http fetch GET 200 https://registry.npmjs.org/lightningcss-win32-x64-msvc/-/lightningcss-win32-x64-msvc-1.30.2.tgz 4510ms (cache miss)
1530 http fetch GET 200 https://registry.npmjs.org/@babel/core/-/core-7.28.5.tgz 4548ms (cache miss)
1531 http fetch GET 200 https://registry.npmjs.org/@babel/types/-/types-7.28.5.tgz 5483ms (cache miss)
1532 http fetch GET 200 https://registry.npmjs.org/@babel/helpers/-/helpers-7.28.4.tgz 5795ms (cache miss)
1533 http fetch GET 200 https://registry.npmjs.org/@oxc-project/runtime/-/runtime-0.97.0.tgz 5923ms (cache miss)
1534 http fetch GET 200 https://registry.npmjs.org/@rolldown/binding-win32-x64-msvc/-/binding-win32-x64-msvc-1.0.0-beta.50.tgz 6021ms (cache miss)
1535 http fetch GET 200 https://registry.npmjs.org/react-dom/-/react-dom-19.2.0.tgz 6222ms (cache miss)
1536 http fetch GET 200 https://registry.npmjs.org/@swc/core-win32-x64-msvc/-/core-win32-x64-msvc-1.15.3.tgz 6292ms (cache miss)
1537 http fetch GET 200 https://registry.npmjs.org/zod/-/zod-4.1.12.tgz 6812ms (cache miss)
1538 http fetch GET 200 https://registry.npmjs.org/eslint/-/eslint-9.39.1.tgz 8086ms (cache miss)
1539 http fetch GET 200 https://registry.npmjs.org/caniuse-lite/-/caniuse-lite-1.0.30001756.tgz 8992ms (cache miss)
1540 info run @swc/core@1.15.3 postinstall node_modules/@swc/core node postinstall.js
1541 info run @swc/core@1.15.3 postinstall { code: 0, signal: null }
1542 silly ADD node_modules/isexe
1543 silly ADD
1544 silly ADD
1545 silly ADD
1546 silly ADD
1547 silly ADD
1548 silly ADD
1549 silly ADD node_modules/@rolldown/binding-win32-x64-msvc
1550 silly ADD
1551 silly ADD
1552 silly ADD
1553 silly ADD
1554 silly ADD
1555 silly ADD
1556 silly ADD
1557 silly ADD
1558 silly ADD
1559 silly ADD
1560 silly ADD
1561 silly ADD
1562 silly ADD
1563 silly ADD node_modules/@oxc-project/types
1564 silly ADD node_modules/source-map-js
1565 silly ADD node_modules/nanoid
1566 silly ADD node_modules/lightningcss-win32-x64-msvc
1567 silly ADD
1568 silly ADD
1569 silly ADD
1570 silly ADD
1571 silly ADD
1572 silly ADD
1573 silly ADD
1574 silly ADD
1575 silly ADD
1576 silly ADD
1577 silly ADD node_modules/detect-libc
1578 silly ADD node_modules/tinyglobby
1579 silly ADD node_modules/rolldown
1580 silly ADD node_modules/rolldown/node_modules/@rolldown/pluginutils
1581 silly ADD node_modules/postcss
1582 silly ADD node_modules/picomatch
1583 silly ADD node_modules/lightningcss
1584 silly ADD
1585 silly ADD node_modules/fdir
1586 silly ADD node_modules/@oxc-project/runtime
1587 silly ADD node_modules/punycode
1588 silly ADD node_modules/escalade
1589 silly ADD node_modules/has-flag
1590 silly ADD node_modules/shebang-regex
1591 silly ADD node_modules/scheduler
1592 silly ADD node_modules/callsites
1593 silly ADD node_modules/yocto-queue
1594 silly ADD node_modules/p-limit
1595 silly ADD node_modules/word-wrap
1596 silly ADD node_modules/fast-levenshtein
1597 silly ADD node_modules/deep-is
1598 silly ADD node_modules/concat-map
1599 silly ADD node_modules/balanced-match
1600 silly ADD node_modules/brace-expansion
1601 silly ADD node_modules/yallist
1602 silly ADD node_modules/p-locate
1603 silly ADD node_modules/type-check
1604 silly ADD node_modules/prelude-ls
1605 silly ADD node_modules/json-buffer
1606 silly ADD node_modules/argparse
1607 silly ADD node_modules/is-extglob
1608 silly ADD node_modules/resolve-from
1609 silly ADD node_modules/parent-module
1610 silly ADD node_modules/hermes-estree
1611 silly ADD node_modules/keyv
1612 silly ADD node_modules/flatted
1613 silly ADD node_modules/path-exists
1614 silly ADD node_modules/locate-path
1615 silly ADD node_modules/flat-cache
1616 silly ADD node_modules/acorn-jsx
1617 silly ADD node_modules/acorn
1618 silly ADD node_modules/estraverse
1619 silly ADD node_modules/esrecurse
1620 silly ADD node_modules/update-browserslist-db
1621 silly ADD node_modules/node-releases
1622 silly ADD node_modules/electron-to-chromium
1623 silly ADD node_modules/caniuse-lite
1624 silly ADD node_modules/baseline-browser-mapping
1625 silly ADD node_modules/@jridgewell/resolve-uri
1626 silly ADD node_modules/@jridgewell/sourcemap-codec
1627 silly ADD node_modules/@babel/helper-string-parser
1628 silly ADD node_modules/@babel/helper-globals
1629 silly ADD node_modules/@babel/helper-module-imports
1630 silly ADD node_modules/lru-cache
1631 silly ADD node_modules/browserslist
1632 silly ADD node_modules/@babel/helper-validator-option
1633 silly ADD node_modules/@babel/compat-data
1634 silly ADD node_modules/jsesc
1635 silly ADD node_modules/@jridgewell/trace-mapping
1636 silly ADD node_modules/@jridgewell/gen-mapping
1637 silly ADD node_modules/picocolors
1638 silly ADD node_modules/js-tokens
1639 silly ADD node_modules/@babel/helper-validator-identifier
1640 silly ADD node_modules/semver
1641 silly ADD node_modules/json5
1642 silly ADD node_modules/gensync
1643 silly ADD node_modules/convert-source-map
1644 silly ADD node_modules/@jridgewell/remapping
1645 silly ADD node_modules/@babel/types
1646 silly ADD node_modules/@babel/traverse
1647 silly ADD node_modules/@babel/template
1648 silly ADD node_modules/@babel/helpers
1649 silly ADD node_modules/@babel/helper-module-transforms
1650 silly ADD node_modules/@babel/helper-compilation-targets
1651 silly ADD node_modules/@babel/generator
1652 silly ADD node_modules/@babel/code-frame
1653 silly ADD node_modules/zod-validation-error
1654 silly ADD node_modules/zod
1655 silly ADD node_modules/hermes-parser
1656 silly ADD node_modules/@babel/parser
1657 silly ADD node_modules/@babel/core
1658 silly ADD node_modules/ms
1659 silly ADD node_modules/which
1660 silly ADD node_modules/shebang-command
1661 silly ADD node_modules/path-key
1662 silly ADD node_modules/color-name
1663 silly ADD node_modules/color-convert
1664 silly ADD node_modules/supports-color
1665 silly ADD node_modules/ansi-styles
1666 silly ADD node_modules/uri-js
1667 silly ADD node_modules/json-schema-traverse
1668 silly ADD node_modules/fast-json-stable-stringify
1669 silly ADD node_modules/@humanfs/core
1670 silly ADD node_modules/levn
1671 silly ADD node_modules/strip-json-comments
1672 silly ADD node_modules/js-yaml
1673 silly ADD node_modules/import-fresh
1674 silly ADD node_modules/@types/json-schema
1675 silly ADD node_modules/@eslint/object-schema
1676 silly ADD node_modules/optionator
1677 silly ADD node_modules/natural-compare
1678 silly ADD node_modules/minimatch
1679 silly ADD node_modules/lodash.merge
1680 silly ADD node_modules/json-stable-stringify-without-jsonify
1681 silly ADD node_modules/is-glob
1682 silly ADD node_modules/imurmurhash
1683 silly ADD node_modules/ignore
1684 silly ADD node_modules/glob-parent
1685 silly ADD node_modules/find-up
1686 silly ADD node_modules/file-entry-cache
1687 silly ADD node_modules/fast-deep-equal
1688 silly ADD node_modules/esutils
1689 silly ADD node_modules/esquery
1690 silly ADD node_modules/espree
1691 silly ADD node_modules/eslint-visitor-keys
1692 silly ADD node_modules/eslint-scope
1693 silly ADD node_modules/escape-string-regexp
1694 silly ADD node_modules/debug
1695 silly ADD node_modules/cross-spawn
1696 silly ADD node_modules/chalk
1697 silly ADD node_modules/ajv
1698 silly ADD node_modules/@types/estree
1699 silly ADD node_modules/@humanwhocodes/retry
1700 silly ADD node_modules/@humanwhocodes/module-importer
1701 silly ADD node_modules/@humanfs/node
1702 silly ADD node_modules/@eslint/plugin-kit
1703 silly ADD node_modules/@eslint/eslintrc
1704 silly ADD node_modules/@eslint/eslintrc/node_modules/globals
1705 silly ADD node_modules/@eslint/core
1706 silly ADD node_modules/@eslint/config-helpers
1707 silly ADD node_modules/@eslint/config-array
1708 silly ADD node_modules/@eslint-community/regexpp
1709 silly ADD node_modules/@eslint-community/eslint-utils
1710 silly ADD node_modules/@eslint-community/eslint-utils/node_modules/eslint-visitor-keys
1711 silly ADD node_modules/@swc/types
1712 silly ADD node_modules/@swc/counter
1713 silly ADD node_modules/@swc/core-win32-x64-msvc
1714 silly ADD
1715 silly ADD
1716 silly ADD
1717 silly ADD
1718 silly ADD
1719 silly ADD
1720 silly ADD
1721 silly ADD
1722 silly ADD
1723 silly ADD node_modules/@swc/core
1724 silly ADD node_modules/@rolldown/pluginutils
1725 silly ADD node_modules/csstype
1726 silly ADD node_modules/react-dom
1727 silly ADD node_modules/react
1728 silly ADD node_modules/globals
1729 silly ADD node_modules/eslint-plugin-react-refresh
1730 silly ADD node_modules/eslint-plugin-react-hooks
1731 silly ADD node_modules/eslint
1732 silly ADD node_modules/vite
1733 silly ADD node_modules/@vitejs/plugin-react-swc
1734 silly ADD node_modules/@types/react-dom
1735 silly ADD node_modules/@types/react
1736 silly ADD node_modules/@eslint/js
1737 verbose cwd C:\GitHub\TECHNOPULSE\vite-progect
1738 verbose os Windows_NT 10.0.22631
1739 verbose node v24.11.1
1740 verbose npm  v10.8.2
1741 verbose exit 0
1742 info ok
